icao,season,period,n_comparable,correct,false_positive,miss,pct_correct
SBAC,Verao,00-06,0,0,0,0,
SBAC,Verao,06-12,0,0,0,0,
SBAC,Verao,12-18,0,0,0,0,
SBAC,Verao,18-24,0,0,0,0,
SBAC,Verao,TODOS,0,0,0,0,
SBAC,Outono,00-06,0,0,0,0,
SBAC,Outono,06-12,0,0,0,0,
SBAC,Outono,12-18,0,0,0,0,
SBAC,Outono,18-24,0,0,0,0,
SBAC,Outono,TODOS,0,0,0,0,
SBAC,Inverno,00-06,0,0,0,0,
SBAC,Inverno,06-12,0,0,0,0,
SBAC,Inverno,12-18,0,0,0,0,
SBAC,Inverno,18-24,0,0,0,0,
SBAC,Inverno,TODOS,0,0,0,0,
SBAC,Primavera,00-06,0,0,0,0,
SBAC,Primavera,06-12,0,0,0,0,
SBAC,Primavera,12-18,0,0,0,0,
SBAC,Primavera,18-24,0,0,0,0,
SBAC,Primavera,TODOS,0,0,0,0,
SBAC,TODAS,00-06,0,0,0,0,
SBAC,TODAS,06-12,0,0,0,0,
SBAC,TODAS,12-18,0,0,0,0,
SBAC,TODAS,18-24,0,0,0,0,
SBAC,TODAS,TODOS,0,0,0,0,
SBAQ,Verao,00-06,0,0,0,0,
SBAQ,Verao,06-12,0,0,0,0,
SBAQ,Verao,12-18,0,0,0,0,
SBAQ,Verao,18-24,0,0,0,0,
SBAQ,Verao,TODOS,0,0,0,0,
SBAQ,Outono,00-06,0,0,0,0,
SBAQ,Outono,06-12,0,0,0,0,
SBAQ,Outono,12-18,0,0,0,0,
SBAQ,Outono,18-24,0,0,0,0,
SBAQ,Outono,TODOS,0,0,0,0,
SBAQ,Inverno,00-06,0,0,0,0,
SBAQ,Inverno,06-12,0,0,0,0,
SBAQ,Inverno,12-18,0,0,0,0,
SBAQ,Inverno,18-24,0,0,0,0,
SBAQ,Inverno,TODOS,0,0,0,0,
SBAQ,Primavera,00-06,0,0,0,0,
SBAQ,Primavera,06-12,0,0,0,0,
SBAQ,Primavera,12-18,0,0,0,0,
SBAQ,Primavera,18-24,0,0,0,0,
SBAQ,Primavera,TODOS,0,0,0,0,
SBAQ,TODAS,00-06,0,0,0,0,
SBAQ,TODAS,06-12,0,0,0,0,
SBAQ,TODAS,12-18,0,0,0,0,
SBAQ,TODAS,18-24,0,0,0,0,
SBAQ,TODAS,TODOS,0,0,0,0,
SBAT,Verao,00-06,0,0,0,0,
SBAT,Verao,06-12,0,0,0,0,
SBAT,Verao,12-18,144,97,17,30,67.4
SBAT,Verao,18-24,0,0,0,0,
SBAT,Verao,TODOS,144,97,17,30,67.4
SBAT,Outono,00-06,0,0,0,0,
SBAT,Outono,06-12,0,0,0,0,
SBAT,Outono,12-18,150,130,3,17,86.7
SBAT,Outono,18-24,1,0,1,0,0.0
SBAT,Outono,TODOS,151,130,4,17,86.1
SBAT,Inverno,00-06,1,1,0,0,100.0
SBAT,Inverno,06-12,0,0,0,0,
SBAT,Inverno,12-18,120,118,1,1,98.3
SBAT,Inverno,18-24,52,47,5,0,90.4
SBAT,Inverno,TODOS,173,166,6,1,96.0
SBAT,Primavera,00-06,0,0,0,0,
SBAT,Primavera,06-12,0,0,0,0,
SBAT,Primavera,12-18,125,97,15,13,77.6
SBAT,Primavera,18-24,44,28,15,1,63.6
SBAT,Primavera,TODOS,169,125,30,14,74.0
SBAT,TODAS,00-06,1,1,0,0,100.0
SBAT,TODAS,06-12,0,0,0,0,
SBAT,TODAS,12-18,539,442,36,61,82.0
SBAT,TODAS,18-24,97,75,21,1,77.3
SBAT,TODAS,TODOS,637,518,57,62,81.3
SBAU,Verao,00-06,97,84,7,6,86.6
SBAU,Verao,06-12,45,42,0,3,93.3
SBAU,Verao,12-18,233,207,14,12,88.8
SBAU,Verao,18-24,280,220,43,17,78.6
SBAU,Verao,TODOS,655,553,64,38,84.4
SBAU,Outono,00-06,90,85,0,5,94.4
SBAU,Outono,06-12,15,15,0,0,100.0
SBAU,Outono,12-18,239,222,8,9,92.9
SBAU,Outono,18-24,260,250,4,6,96.2
SBAU,Outono,TODOS,604,572,12,20,94.7
SBAU,Inverno,00-06,149,146,2,1,98.0
SBAU,Inverno,06-12,38,38,0,0,100.0
SBAU,Inverno,12-18,274,268,1,5,97.8
SBAU,Inverno,18-24,309,303,2,4,98.1
SBAU,Inverno,TODOS,770,755,5,10,98.1
SBAU,Primavera,00-06,113,103,5,5,91.2
SBAU,Primavera,06-12,33,26,6,1,78.8
SBAU,Primavera,12-18,259,227,12,20,87.6
SBAU,Primavera,18-24,274,240,25,9,87.6
SBAU,Primavera,TODOS,679,596,48,35,87.8
SBAU,TODAS,00-06,449,418,14,17,93.1
SBAU,TODAS,06-12,131,121,6,4,92.4
SBAU,TODAS,12-18,1005,924,35,46,91.9
SBAU,TODAS,18-24,1123,1013,74,36,90.2
SBAU,TODAS,TODOS,2708,2476,129,103,91.4
SBAX,Verao,00-06,0,0,0,0,
SBAX,Verao,06-12,0,0,0,0,
SBAX,Verao,12-18,0,0,0,0,
SBAX,Verao,18-24,0,0,0,0,
SBAX,Verao,TODOS,0,0,0,0,
SBAX,Outono,00-06,0,0,0,0,
SBAX,Outono,06-12,0,0,0,0,
SBAX,Outono,12-18,0,0,0,0,
SBAX,Outono,18-24,0,0,0,0,
SBAX,Outono,TODOS,0,0,0,0,
SBAX,Inverno,00-06,0,0,0,0,
SBAX,Inverno,06-12,0,0,0,0,
SBAX,Inverno,12-18,0,0,0,0,
SBAX,Inverno,18-24,0,0,0,0,
SBAX,Inverno,TODOS,0,0,0,0,
SBAX,Primavera,00-06,0,0,0,0,
SBAX,Primavera,06-12,0,0,0,0,
SBAX,Primavera,12-18,0,0,0,0,
SBAX,Primavera,18-24,0,0,0,0,
SBAX,Primavera,TODOS,0,0,0,0,
SBAX,TODAS,00-06,0,0,0,0,
SBAX,TODAS,06-12,0,0,0,0,
SBAX,TODAS,12-18,0,0,0,0,
SBAX,TODAS,18-24,0,0,0,0,
SBAX,TODAS,TODOS,0,0,0,0,
SBBE,Verao,00-06,0,0,0,0,
SBBE,Verao,06-12,18,15,2,1,83.3
SBBE,Verao,12-18,88,50,15,23,56.8
SBBE,Verao,18-24,38,25,7,6,65.8
SBBE,Verao,TODOS,144,90,24,30,62.5
SBBE,Outono,00-06,0,0,0,0,
SBBE,Outono,06-12,106,88,14,4,83.0
SBBE,Outono,12-18,126,79,19,28,62.7
SBBE,Outono,18-24,74,35,20,19,47.3
SBBE,Outono,TODOS,306,202,53,51,66.0
SBBE,Inverno,00-06,12,12,0,0,100.0
SBBE,Inverno,06-12,94,94,0,0,100.0
SBBE,Inverno,12-18,111,97,3,11,87.4
SBBE,Inverno,18-24,71,46,15,10,64.8
SBBE,Inverno,TODOS,288,249,18,21,86.5
SBBE,Primavera,00-06,14,14,0,0,100.0
SBBE,Primavera,06-12,13,13,0,0,100.0
SBBE,Primavera,12-18,103,85,5,13,82.5
SBBE,Primavera,18-24,78,60,14,4,76.9
SBBE,Primavera,TODOS,208,172,19,17,82.7
SBBE,TODAS,00-06,26,26,0,0,100.0
SBBE,TODAS,06-12,231,210,16,5,90.9
SBBE,TODAS,12-18,428,311,42,75,72.7
SBBE,TODAS,18-24,261,166,56,39,63.6
SBBE,TODAS,TODOS,946,713,114,119,75.4
SBBR,Verao,00-06,349,285,16,48,81.7
SBBR,Verao,06-12,125,100,10,15,80.0
SBBR,Verao,12-18,272,228,10,34,83.8
SBBR,Verao,18-24,226,123,79,24,54.4
SBBR,Verao,TODOS,972,736,115,121,75.7
SBBR,Outono,00-06,296,268,9,19,90.5
SBBR,Outono,06-12,154,146,1,7,94.8
SBBR,Outono,12-18,324,307,1,16,94.8
SBBR,Outono,18-24,298,264,17,17,88.6
SBBR,Outono,TODOS,1072,985,28,59,91.9
SBBR,Inverno,00-06,276,273,0,3,98.9
SBBR,Inverno,06-12,162,160,0,2,98.8
SBBR,Inverno,12-18,308,305,0,3,99.0
SBBR,Inverno,18-24,301,295,2,4,98.0
SBBR,Inverno,TODOS,1047,1033,2,12,98.7
SBBR,Primavera,00-06,336,268,27,41,79.8
SBBR,Primavera,06-12,152,136,4,12,89.5
SBBR,Primavera,12-18,338,292,5,41,86.4
SBBR,Primavera,18-24,270,182,69,19,67.4
SBBR,Primavera,TODOS,1096,878,105,113,80.1
SBBR,TODAS,00-06,1257,1094,52,111,87.0
SBBR,TODAS,06-12,593,542,15,36,91.4
SBBR,TODAS,12-18,1242,1132,16,94,91.1
SBBR,TODAS,18-24,1095,864,167,64,78.9
SBBR,TODAS,TODOS,4187,3632,250,305,86.7
SBBV,Verao,00-06,113,102,11,0,90.3
SBBV,Verao,06-12,268,260,8,0,97.0
SBBV,Verao,12-18,319,316,0,3,99.1
SBBV,Verao,18-24,264,237,9,18,89.8
SBBV,Verao,TODOS,964,915,28,21,94.9
SBBV,Outono,00-06,114,78,27,9,68.4
SBBV,Outono,06-12,256,179,47,30,69.9
SBBV,Outono,12-18,273,214,25,34,78.4
SBBV,Outono,18-24,274,203,34,37,74.1
SBBV,Outono,TODOS,917,674,133,110,73.5
SBBV,Inverno,00-06,125,94,15,16,75.2
SBBV,Inverno,06-12,251,197,54,0,78.5
SBBV,Inverno,12-18,271,219,17,35,80.8
SBBV,Inverno,18-24,289,187,52,50,64.7
SBBV,Inverno,TODOS,936,697,138,101,74.5
SBBV,Primavera,00-06,139,108,15,16,77.7
SBBV,Primavera,06-12,244,213,25,6,87.3
SBBV,Primavera,12-18,270,243,10,17,90.0
SBBV,Primavera,18-24,280,191,28,61,68.2
SBBV,Primavera,TODOS,933,755,78,100,80.9
SBBV,TODAS,00-06,491,382,68,41,77.8
SBBV,TODAS,06-12,1019,849,134,36,83.3
SBBV,TODAS,12-18,1133,992,52,89,87.6
SBBV,TODAS,18-24,1107,818,123,166,73.9
SBBV,TODAS,TODOS,3750,3041,377,332,81.1
SBCA,Verao,00-06,0,0,0,0,
SBCA,Verao,06-12,11,9,1,1,81.8
SBCA,Verao,12-18,264,216,16,32,81.8
SBCA,Verao,18-24,5,3,1,1,60.0
SBCA,Verao,TODOS,280,228,18,34,81.4
SBCA,Outono,00-06,8,7,0,1,87.5
SBCA,Outono,06-12,10,10,0,0,100.0
SBCA,Outono,12-18,270,233,4,33,86.3
SBCA,Outono,18-24,27,24,2,1,88.9
SBCA,Outono,TODOS,315,274,6,35,87.0
SBCA,Inverno,00-06,1,1,0,0,100.0
SBCA,Inverno,06-12,6,5,1,0,83.3
SBCA,Inverno,12-18,191,173,7,11,90.6
SBCA,Inverno,18-24,26,22,2,2,84.6
SBCA,Inverno,TODOS,224,201,10,13,89.7
SBCA,Primavera,00-06,3,1,0,2,33.3
SBCA,Primavera,06-12,9,5,2,2,55.6
SBCA,Primavera,12-18,205,169,28,8,82.4
SBCA,Primavera,18-24,6,5,0,1,83.3
SBCA,Primavera,TODOS,223,180,30,13,80.7
SBCA,TODAS,00-06,12,9,0,3,75.0
SBCA,TODAS,06-12,36,29,4,3,80.6
SBCA,TODAS,12-18,930,791,55,84,85.1
SBCA,TODAS,18-24,64,54,5,5,84.4
SBCA,TODAS,TODOS,1042,883,64,95,84.7
SBCB,Verao,00-06,0,0,0,0,
SBCB,Verao,06-12,0,0,0,0,
SBCB,Verao,12-18,0,0,0,0,
SBCB,Verao,18-24,0,0,0,0,
SBCB,Verao,TODOS,0,0,0,0,
SBCB,Outono,00-06,0,0,0,0,
SBCB,Outono,06-12,0,0,0,0,
SBCB,Outono,12-18,0,0,0,0,
SBCB,Outono,18-24,0,0,0,0,
SBCB,Outono,TODOS,0,0,0,0,
SBCB,Inverno,00-06,0,0,0,0,
SBCB,Inverno,06-12,0,0,0,0,
SBCB,Inverno,12-18,0,0,0,0,
SBCB,Inverno,18-24,0,0,0,0,
SBCB,Inverno,TODOS,0,0,0,0,
SBCB,Primavera,00-06,0,0,0,0,
SBCB,Primavera,06-12,0,0,0,0,
SBCB,Primavera,12-18,0,0,0,0,
SBCB,Primavera,18-24,0,0,0,0,
SBCB,Primavera,TODOS,0,0,0,0,
SBCB,TODAS,00-06,0,0,0,0,
SBCB,TODAS,06-12,0,0,0,0,
SBCB,TODAS,12-18,0,0,0,0,
SBCB,TODAS,18-24,0,0,0,0,
SBCB,TODAS,TODOS,0,0,0,0,
SBCF,Verao,00-06,465,336,42,87,72.3
SBCF,Verao,06-12,59,50,5,4,84.7
SBCF,Verao,12-18,384,319,6,59,83.1
SBCF,Verao,18-24,510,318,111,81,62.4
SBCF,Verao,TODOS,1418,1023,164,231,72.1
SBCF,Outono,00-06,464,430,13,21,92.7
SBCF,Outono,06-12,53,50,1,2,94.3
SBCF,Outono,12-18,336,330,1,5,98.2
SBCF,Outono,18-24,602,503,49,50,83.6
SBCF,Outono,TODOS,1455,1313,64,78,90.2
SBCF,Inverno,00-06,403,399,0,4,99.0
SBCF,Inverno,06-12,38,37,0,1,97.4
SBCF,Inverno,12-18,465,465,0,0,100.0
SBCF,Inverno,18-24,644,624,4,16,96.9
SBCF,Inverno,TODOS,1550,1525,4,21,98.4
SBCF,Primavera,00-06,494,391,43,60,79.1
SBCF,Primavera,06-12,66,56,4,6,84.8
SBCF,Primavera,12-18,544,498,19,27,91.5
SBCF,Primavera,18-24,560,429,75,56,76.6
SBCF,Primavera,TODOS,1664,1374,141,149,82.6
SBCF,TODAS,00-06,1826,1556,98,172,85.2
SBCF,TODAS,06-12,216,193,10,13,89.4
SBCF,TODAS,12-18,1729,1612,26,91,93.2
SBCF,TODAS,18-24,2316,1874,239,203,80.9
SBCF,TODAS,TODOS,6087,5235,373,479,86.0
SBCG,Verao,00-06,0,0,0,0,
SBCG,Verao,06-12,80,73,1,6,91.2
SBCG,Verao,12-18,196,170,4,22,86.7
SBCG,Verao,18-24,137,80,26,31,58.4
SBCG,Verao,TODOS,413,323,31,59,78.2
SBCG,Outono,00-06,0,0,0,0,
SBCG,Outono,06-12,41,34,5,2,82.9
SBCG,Outono,12-18,239,226,0,13,94.6
SBCG,Outono,18-24,139,112,6,21,80.6
SBCG,Outono,TODOS,419,372,11,36,88.8
SBCG,Inverno,00-06,1,1,0,0,100.0
SBCG,Inverno,06-12,36,35,0,1,97.2
SBCG,Inverno,12-18,218,202,5,11,92.7
SBCG,Inverno,18-24,138,132,4,2,95.7
SBCG,Inverno,TODOS,393,370,9,14,94.1
SBCG,Primavera,00-06,0,0,0,0,
SBCG,Primavera,06-12,50,42,4,4,84.0
SBCG,Primavera,12-18,177,162,4,11,91.5
SBCG,Primavera,18-24,149,118,14,17,79.2
SBCG,Primavera,TODOS,376,322,22,32,85.6
SBCG,TODAS,00-06,1,1,0,0,100.0
SBCG,TODAS,06-12,207,184,10,13,88.9
SBCG,TODAS,12-18,830,760,13,57,91.6
SBCG,TODAS,18-24,563,442,50,71,78.5
SBCG,TODAS,TODOS,1601,1387,73,141,86.6
SBCH,Verao,00-06,0,0,0,0,
SBCH,Verao,06-12,0,0,0,0,
SBCH,Verao,12-18,0,0,0,0,
SBCH,Verao,18-24,0,0,0,0,
SBCH,Verao,TODOS,0,0,0,0,
SBCH,Outono,00-06,0,0,0,0,
SBCH,Outono,06-12,0,0,0,0,
SBCH,Outono,12-18,0,0,0,0,
SBCH,Outono,18-24,0,0,0,0,
SBCH,Outono,TODOS,0,0,0,0,
SBCH,Inverno,00-06,0,0,0,0,
SBCH,Inverno,06-12,0,0,0,0,
SBCH,Inverno,12-18,0,0,0,0,
SBCH,Inverno,18-24,0,0,0,0,
SBCH,Inverno,TODOS,0,0,0,0,
SBCH,Primavera,00-06,0,0,0,0,
SBCH,Primavera,06-12,0,0,0,0,
SBCH,Primavera,12-18,0,0,0,0,
SBCH,Primavera,18-24,0,0,0,0,
SBCH,Primavera,TODOS,0,0,0,0,
SBCH,TODAS,00-06,0,0,0,0,
SBCH,TODAS,06-12,0,0,0,0,
SBCH,TODAS,12-18,0,0,0,0,
SBCH,TODAS,18-24,0,0,0,0,
SBCH,TODAS,TODOS,0,0,0,0,
SBCI,Verao,00-06,0,0,0,0,
SBCI,Verao,06-12,0,0,0,0,
SBCI,Verao,12-18,0,0,0,0,
SBCI,Verao,18-24,0,0,0,0,
SBCI,Verao,TODOS,0,0,0,0,
SBCI,Outono,00-06,0,0,0,0,
SBCI,Outono,06-12,0,0,0,0,
SBCI,Outono,12-18,0,0,0,0,
SBCI,Outono,18-24,0,0,0,0,
SBCI,Outono,TODOS,0,0,0,0,
SBCI,Inverno,00-06,0,0,0,0,
SBCI,Inverno,06-12,0,0,0,0,
SBCI,Inverno,12-18,0,0,0,0,
SBCI,Inverno,18-24,0,0,0,0,
SBCI,Inverno,TODOS,0,0,0,0,
SBCI,Primavera,00-06,0,0,0,0,
SBCI,Primavera,06-12,0,0,0,0,
SBCI,Primavera,12-18,0,0,0,0,
SBCI,Primavera,18-24,0,0,0,0,
SBCI,Primavera,TODOS,0,0,0,0,
SBCI,TODAS,00-06,0,0,0,0,
SBCI,TODAS,06-12,0,0,0,0,
SBCI,TODAS,12-18,0,0,0,0,
SBCI,TODAS,18-24,0,0,0,0,
SBCI,TODAS,TODOS,0,0,0,0,
SBCN,Verao,00-06,0,0,0,0,
SBCN,Verao,06-12,0,0,0,0,
SBCN,Verao,12-18,0,0,0,0,
SBCN,Verao,18-24,0,0,0,0,
SBCN,Verao,TODOS,0,0,0,0,
SBCN,Outono,00-06,0,0,0,0,
SBCN,Outono,06-12,0,0,0,0,
SBCN,Outono,12-18,0,0,0,0,
SBCN,Outono,18-24,0,0,0,0,
SBCN,Outono,TODOS,0,0,0,0,
SBCN,Inverno,00-06,0,0,0,0,
SBCN,Inverno,06-12,0,0,0,0,
SBCN,Inverno,12-18,0,0,0,0,
SBCN,Inverno,18-24,0,0,0,0,
SBCN,Inverno,TODOS,0,0,0,0,
SBCN,Primavera,00-06,0,0,0,0,
SBCN,Primavera,06-12,0,0,0,0,
SBCN,Primavera,12-18,0,0,0,0,
SBCN,Primavera,18-24,0,0,0,0,
SBCN,Primavera,TODOS,0,0,0,0,
SBCN,TODAS,00-06,0,0,0,0,
SBCN,TODAS,06-12,0,0,0,0,
SBCN,TODAS,12-18,0,0,0,0,
SBCN,TODAS,18-24,0,0,0,0,
SBCN,TODAS,TODOS,0,0,0,0,
SBCO,Verao,00-06,0,0,0,0,
SBCO,Verao,06-12,0,0,0,0,
SBCO,Verao,12-18,0,0,0,0,
SBCO,Verao,18-24,0,0,0,0,
SBCO,Verao,TODOS,0,0,0,0,
SBCO,Outono,00-06,0,0,0,0,
SBCO,Outono,06-12,0,0,0,0,
SBCO,Outono,12-18,0,0,0,0,
SBCO,Outono,18-24,0,0,0,0,
SBCO,Outono,TODOS,0,0,0,0,
SBCO,Inverno,00-06,0,0,0,0,
SBCO,Inverno,06-12,0,0,0,0,
SBCO,Inverno,12-18,0,0,0,0,
SBCO,Inverno,18-24,0,0,0,0,
SBCO,Inverno,TODOS,0,0,0,0,
SBCO,Primavera,00-06,0,0,0,0,
SBCO,Primavera,06-12,0,0,0,0,
SBCO,Primavera,12-18,0,0,0,0,
SBCO,Primavera,18-24,0,0,0,0,
SBCO,Primavera,TODOS,0,0,0,0,
SBCO,TODAS,00-06,0,0,0,0,
SBCO,TODAS,06-12,0,0,0,0,
SBCO,TODAS,12-18,0,0,0,0,
SBCO,TODAS,18-24,0,0,0,0,
SBCO,TODAS,TODOS,0,0,0,0,
SBCR,Verao,00-06,0,0,0,0,
SBCR,Verao,06-12,0,0,0,0,
SBCR,Verao,12-18,0,0,0,0,
SBCR,Verao,18-24,0,0,0,0,
SBCR,Verao,TODOS,0,0,0,0,
SBCR,Outono,00-06,0,0,0,0,
SBCR,Outono,06-12,0,0,0,0,
SBCR,Outono,12-18,0,0,0,0,
SBCR,Outono,18-24,0,0,0,0,
SBCR,Outono,TODOS,0,0,0,0,
SBCR,Inverno,00-06,0,0,0,0,
SBCR,Inverno,06-12,0,0,0,0,
SBCR,Inverno,12-18,0,0,0,0,
SBCR,Inverno,18-24,0,0,0,0,
SBCR,Inverno,TODOS,0,0,0,0,
SBCR,Primavera,00-06,0,0,0,0,
SBCR,Primavera,06-12,0,0,0,0,
SBCR,Primavera,12-18,0,0,0,0,
SBCR,Primavera,18-24,0,0,0,0,
SBCR,Primavera,TODOS,0,0,0,0,
SBCR,TODAS,00-06,0,0,0,0,
SBCR,TODAS,06-12,0,0,0,0,
SBCR,TODAS,12-18,0,0,0,0,
SBCR,TODAS,18-24,0,0,0,0,
SBCR,TODAS,TODOS,0,0,0,0,
SBCT,Verao,00-06,1318,892,269,157,67.7
SBCT,Verao,06-12,1192,904,107,181,75.8
SBCT,Verao,12-18,1901,1619,175,107,85.2
SBCT,Verao,18-24,2223,1549,362,312,69.7
SBCT,Verao,TODOS,6634,4964,913,757,74.8
SBCT,Outono,00-06,1404,1029,231,144,73.3
SBCT,Outono,06-12,1007,624,135,248,62.0
SBCT,Outono,12-18,1925,1584,172,169,82.3
SBCT,Outono,18-24,1823,1516,176,131,83.2
SBCT,Outono,TODOS,6159,4753,714,692,77.2
SBCT,Inverno,00-06,1450,1022,322,106,70.5
SBCT,Inverno,06-12,1250,893,202,155,71.4
SBCT,Inverno,12-18,2110,1925,102,83,91.2
SBCT,Inverno,18-24,2215,1802,304,109,81.4
SBCT,Inverno,TODOS,7025,5642,930,453,80.3
SBCT,Primavera,00-06,1531,1144,219,168,74.7
SBCT,Primavera,06-12,1428,1082,224,122,75.8
SBCT,Primavera,12-18,2185,1828,255,102,83.7
SBCT,Primavera,18-24,2422,1876,323,223,77.5
SBCT,Primavera,TODOS,7566,5930,1021,615,78.4
SBCT,TODAS,00-06,5703,4087,1041,575,71.7
SBCT,TODAS,06-12,4877,3503,668,706,71.8
SBCT,TODAS,12-18,8121,6956,704,461,85.7
SBCT,TODAS,18-24,8683,6743,1165,775,77.7
SBCT,TODAS,TODOS,27384,21289,3578,2517,77.7
SBCX,Verao,00-06,0,0,0,0,
SBCX,Verao,06-12,0,0,0,0,
SBCX,Verao,12-18,0,0,0,0,
SBCX,Verao,18-24,0,0,0,0,
SBCX,Verao,TODOS,0,0,0,0,
SBCX,Outono,00-06,0,0,0,0,
SBCX,Outono,06-12,0,0,0,0,
SBCX,Outono,12-18,0,0,0,0,
SBCX,Outono,18-24,0,0,0,0,
SBCX,Outono,TODOS,0,0,0,0,
SBCX,Inverno,00-06,0,0,0,0,
SBCX,Inverno,06-12,0,0,0,0,
SBCX,Inverno,12-18,0,0,0,0,
SBCX,Inverno,18-24,0,0,0,0,
SBCX,Inverno,TODOS,0,0,0,0,
SBCX,Primavera,00-06,0,0,0,0,
SBCX,Primavera,06-12,0,0,0,0,
SBCX,Primavera,12-18,0,0,0,0,
SBCX,Primavera,18-24,0,0,0,0,
SBCX,Primavera,TODOS,0,0,0,0,
SBCX,TODAS,00-06,0,0,0,0,
SBCX,TODAS,06-12,0,0,0,0,
SBCX,TODAS,12-18,0,0,0,0,
SBCX,TODAS,18-24,0,0,0,0,
SBCX,TODAS,TODOS,0,0,0,0,
SBCY,Verao,00-06,0,0,0,0,
SBCY,Verao,06-12,0,0,0,0,
SBCY,Verao,12-18,1,1,0,0,100.0
SBCY,Verao,18-24,118,60,46,12,50.8
SBCY,Verao,TODOS,119,61,46,12,51.3
SBCY,Outono,00-06,0,0,0,0,
SBCY,Outono,06-12,0,0,0,0,
SBCY,Outono,12-18,1,1,0,0,100.0
SBCY,Outono,18-24,158,126,25,7,79.7
SBCY,Outono,TODOS,159,127,25,7,79.9
SBCY,Inverno,00-06,1,1,0,0,100.0
SBCY,Inverno,06-12,0,0,0,0,
SBCY,Inverno,12-18,6,6,0,0,100.0
SBCY,Inverno,18-24,157,149,5,3,94.9
SBCY,Inverno,TODOS,164,156,5,3,95.1
SBCY,Primavera,00-06,0,0,0,0,
SBCY,Primavera,06-12,0,0,0,0,
SBCY,Primavera,12-18,2,2,0,0,100.0
SBCY,Primavera,18-24,128,81,42,5,63.3
SBCY,Primavera,TODOS,130,83,42,5,63.8
SBCY,TODAS,00-06,1,1,0,0,100.0
SBCY,TODAS,06-12,0,0,0,0,
SBCY,TODAS,12-18,10,10,0,0,100.0
SBCY,TODAS,18-24,561,416,118,27,74.2
SBCY,TODAS,TODOS,572,427,118,27,74.7
SBDB,Verao,00-06,0,0,0,0,
SBDB,Verao,06-12,0,0,0,0,
SBDB,Verao,12-18,0,0,0,0,
SBDB,Verao,18-24,0,0,0,0,
SBDB,Verao,TODOS,0,0,0,0,
SBDB,Outono,00-06,0,0,0,0,
SBDB,Outono,06-12,0,0,0,0,
SBDB,Outono,12-18,0,0,0,0,
SBDB,Outono,18-24,0,0,0,0,
SBDB,Outono,TODOS,0,0,0,0,
SBDB,Inverno,00-06,0,0,0,0,
SBDB,Inverno,06-12,0,0,0,0,
SBDB,Inverno,12-18,0,0,0,0,
SBDB,Inverno,18-24,0,0,0,0,
SBDB,Inverno,TODOS,0,0,0,0,
SBDB,Primavera,00-06,0,0,0,0,
SBDB,Primavera,06-12,0,0,0,0,
SBDB,Primavera,12-18,0,0,0,0,
SBDB,Primavera,18-24,0,0,0,0,
SBDB,Primavera,TODOS,0,0,0,0,
SBDB,TODAS,00-06,0,0,0,0,
SBDB,TODAS,06-12,0,0,0,0,
SBDB,TODAS,12-18,0,0,0,0,
SBDB,TODAS,18-24,0,0,0,0,
SBDB,TODAS,TODOS,0,0,0,0,
SBDN,Verao,00-06,0,0,0,0,
SBDN,Verao,06-12,0,0,0,0,
SBDN,Verao,12-18,0,0,0,0,
SBDN,Verao,18-24,0,0,0,0,
SBDN,Verao,TODOS,0,0,0,0,
SBDN,Outono,00-06,0,0,0,0,
SBDN,Outono,06-12,0,0,0,0,
SBDN,Outono,12-18,0,0,0,0,
SBDN,Outono,18-24,0,0,0,0,
SBDN,Outono,TODOS,0,0,0,0,
SBDN,Inverno,00-06,0,0,0,0,
SBDN,Inverno,06-12,0,0,0,0,
SBDN,Inverno,12-18,0,0,0,0,
SBDN,Inverno,18-24,0,0,0,0,
SBDN,Inverno,TODOS,0,0,0,0,
SBDN,Primavera,00-06,0,0,0,0,
SBDN,Primavera,06-12,0,0,0,0,
SBDN,Primavera,12-18,1,1,0,0,100.0
SBDN,Primavera,18-24,0,0,0,0,
SBDN,Primavera,TODOS,1,1,0,0,100.0
SBDN,TODAS,00-06,0,0,0,0,
SBDN,TODAS,06-12,0,0,0,0,
SBDN,TODAS,12-18,1,1,0,0,100.0
SBDN,TODAS,18-24,0,0,0,0,
SBDN,TODAS,TODOS,1,1,0,0,100.0
SBDO,Verao,00-06,0,0,0,0,
SBDO,Verao,06-12,0,0,0,0,
SBDO,Verao,12-18,0,0,0,0,
SBDO,Verao,18-24,0,0,0,0,
SBDO,Verao,TODOS,0,0,0,0,
SBDO,Outono,00-06,0,0,0,0,
SBDO,Outono,06-12,0,0,0,0,
SBDO,Outono,12-18,0,0,0,0,
SBDO,Outono,18-24,0,0,0,0,
SBDO,Outono,TODOS,0,0,0,0,
SBDO,Inverno,00-06,0,0,0,0,
SBDO,Inverno,06-12,0,0,0,0,
SBDO,Inverno,12-18,0,0,0,0,
SBDO,Inverno,18-24,0,0,0,0,
SBDO,Inverno,TODOS,0,0,0,0,
SBDO,Primavera,00-06,0,0,0,0,
SBDO,Primavera,06-12,0,0,0,0,
SBDO,Primavera,12-18,0,0,0,0,
SBDO,Primavera,18-24,0,0,0,0,
SBDO,Primavera,TODOS,0,0,0,0,
SBDO,TODAS,00-06,0,0,0,0,
SBDO,TODAS,06-12,0,0,0,0,
SBDO,TODAS,12-18,0,0,0,0,
SBDO,TODAS,18-24,0,0,0,0,
SBDO,TODAS,TODOS,0,0,0,0,
SBEG,Verao,00-06,0,0,0,0,
SBEG,Verao,06-12,0,0,0,0,
SBEG,Verao,12-18,0,0,0,0,
SBEG,Verao,18-24,86,45,26,15,52.3
SBEG,Verao,TODOS,86,45,26,15,52.3
SBEG,Outono,00-06,9,8,1,0,88.9
SBEG,Outono,06-12,0,0,0,0,
SBEG,Outono,12-18,11,8,3,0,72.7
SBEG,Outono,18-24,102,61,27,14,59.8
SBEG,Outono,TODOS,122,77,31,14,63.1
SBEG,Inverno,00-06,13,12,0,1,92.3
SBEG,Inverno,06-12,0,0,0,0,
SBEG,Inverno,12-18,22,21,1,0,95.5
SBEG,Inverno,18-24,107,75,23,9,70.1
SBEG,Inverno,TODOS,142,108,24,10,76.1
SBEG,Primavera,00-06,0,0,0,0,
SBEG,Primavera,06-12,0,0,0,0,
SBEG,Primavera,12-18,0,0,0,0,
SBEG,Primavera,18-24,89,48,34,7,53.9
SBEG,Primavera,TODOS,89,48,34,7,53.9
SBEG,TODAS,00-06,22,20,1,1,90.9
SBEG,TODAS,06-12,0,0,0,0,
SBEG,TODAS,12-18,33,29,4,0,87.9
SBEG,TODAS,18-24,384,229,110,45,59.6
SBEG,TODAS,TODOS,439,278,115,46,63.3
SBFI,Verao,00-06,18,13,1,4,72.2
SBFI,Verao,06-12,0,0,0,0,
SBFI,Verao,12-18,169,160,7,2,94.7
SBFI,Verao,18-24,145,107,9,29,73.8
SBFI,Verao,TODOS,332,280,17,35,84.3
SBFI,Outono,00-06,3,3,0,0,100.0
SBFI,Outono,06-12,0,0,0,0,
SBFI,Outono,12-18,188,165,6,17,87.8
SBFI,Outono,18-24,185,160,11,14,86.5
SBFI,Outono,TODOS,376,328,17,31,87.2
SBFI,Inverno,00-06,1,1,0,0,100.0
SBFI,Inverno,06-12,0,0,0,0,
SBFI,Inverno,12-18,181,154,18,9,85.1
SBFI,Inverno,18-24,184,154,15,15,83.7
SBFI,Inverno,TODOS,366,309,33,24,84.4
SBFI,Primavera,00-06,23,19,3,1,82.6
SBFI,Primavera,06-12,1,1,0,0,100.0
SBFI,Primavera,12-18,151,131,16,4,86.8
SBFI,Primavera,18-24,163,129,18,16,79.1
SBFI,Primavera,TODOS,338,280,37,21,82.8
SBFI,TODAS,00-06,45,36,4,5,80.0
SBFI,TODAS,06-12,1,1,0,0,100.0
SBFI,TODAS,12-18,689,610,47,32,88.5
SBFI,TODAS,18-24,677,550,53,74,81.2
SBFI,TODAS,TODOS,1412,1197,104,111,84.8
SBFL,Verao,00-06,453,401,32,20,88.5
SBFL,Verao,06-12,292,266,18,8,91.1
SBFL,Verao,12-18,785,694,53,38,88.4
SBFL,Verao,18-24,863,679,100,84,78.7
SBFL,Verao,TODOS,2393,2040,203,150,85.2
SBFL,Outono,00-06,549,453,68,28,82.5
SBFL,Outono,06-12,357,304,39,14,85.2
SBFL,Outono,12-18,920,848,48,24,92.2
SBFL,Outono,18-24,1032,918,83,31,89.0
SBFL,Outono,TODOS,2858,2523,238,97,88.3
SBFL,Inverno,00-06,463,375,61,27,81.0
SBFL,Inverno,06-12,321,251,37,33,78.2
SBFL,Inverno,12-18,754,664,32,58,88.1
SBFL,Inverno,18-24,981,848,94,39,86.4
SBFL,Inverno,TODOS,2519,2138,224,157,84.9
SBFL,Primavera,00-06,372,311,36,25,83.6
SBFL,Primavera,06-12,303,250,30,23,82.5
SBFL,Primavera,12-18,703,574,60,69,81.7
SBFL,Primavera,18-24,947,756,116,75,79.8
SBFL,Primavera,TODOS,2325,1891,242,192,81.3
SBFL,TODAS,00-06,1837,1540,197,100,83.8
SBFL,TODAS,06-12,1273,1071,124,78,84.1
SBFL,TODAS,12-18,3162,2780,193,189,87.9
SBFL,TODAS,18-24,3823,3201,393,229,83.7
SBFL,TODAS,TODOS,10095,8592,907,596,85.1
SBFN,Verao,00-06,0,0,0,0,
SBFN,Verao,06-12,0,0,0,0,
SBFN,Verao,12-18,0,0,0,0,
SBFN,Verao,18-24,0,0,0,0,
SBFN,Verao,TODOS,0,0,0,0,
SBFN,Outono,00-06,0,0,0,0,
SBFN,Outono,06-12,0,0,0,0,
SBFN,Outono,12-18,0,0,0,0,
SBFN,Outono,18-24,0,0,0,0,
SBFN,Outono,TODOS,0,0,0,0,
SBFN,Inverno,00-06,0,0,0,0,
SBFN,Inverno,06-12,0,0,0,0,
SBFN,Inverno,12-18,0,0,0,0,
SBFN,Inverno,18-24,0,0,0,0,
SBFN,Inverno,TODOS,0,0,0,0,
SBFN,Primavera,00-06,0,0,0,0,
SBFN,Primavera,06-12,0,0,0,0,
SBFN,Primavera,12-18,0,0,0,0,
SBFN,Primavera,18-24,0,0,0,0,
SBFN,Primavera,TODOS,0,0,0,0,
SBFN,TODAS,00-06,0,0,0,0,
SBFN,TODAS,06-12,0,0,0,0,
SBFN,TODAS,12-18,0,0,0,0,
SBFN,TODAS,18-24,0,0,0,0,
SBFN,TODAS,TODOS,0,0,0,0,
SBFZ,Verao,00-06,0,0,0,0,
SBFZ,Verao,06-12,0,0,0,0,
SBFZ,Verao,12-18,0,0,0,0,
SBFZ,Verao,18-24,44,37,6,1,84.1
SBFZ,Verao,TODOS,44,37,6,1,84.1
SBFZ,Outono,00-06,0,0,0,0,
SBFZ,Outono,06-12,0,0,0,0,
SBFZ,Outono,12-18,2,2,0,0,100.0
SBFZ,Outono,18-24,28,22,5,1,78.6
SBFZ,Outono,TODOS,30,24,5,1,80.0
SBFZ,Inverno,00-06,0,0,0,0,
SBFZ,Inverno,06-12,0,0,0,0,
SBFZ,Inverno,12-18,0,0,0,0,
SBFZ,Inverno,18-24,14,13,1,0,92.9
SBFZ,Inverno,TODOS,14,13,1,0,92.9
SBFZ,Primavera,00-06,0,0,0,0,
SBFZ,Primavera,06-12,0,0,0,0,
SBFZ,Primavera,12-18,0,0,0,0,
SBFZ,Primavera,18-24,16,16,0,0,100.0
SBFZ,Primavera,TODOS,16,16,0,0,100.0
SBFZ,TODAS,00-06,0,0,0,0,
SBFZ,TODAS,06-12,0,0,0,0,
SBFZ,TODAS,12-18,2,2,0,0,100.0
SBFZ,TODAS,18-24,102,88,12,2,86.3
SBFZ,TODAS,TODOS,104,90,12,2,86.5
SBGL,Verao,00-06,1995,1452,230,313,72.8
SBGL,Verao,06-12,2226,1677,433,116,75.3
SBGL,Verao,12-18,2639,2224,176,239,84.3
SBGL,Verao,18-24,2526,1729,449,348,68.4
SBGL,Verao,TODOS,9386,7082,1288,1016,75.5
SBGL,Outono,00-06,2196,1925,175,96,87.7
SBGL,Outono,06-12,2327,1188,896,243,51.1
SBGL,Outono,12-18,2956,2635,94,227,89.1
SBGL,Outono,18-24,2843,2372,373,98,83.4
SBGL,Outono,TODOS,10322,8120,1538,664,78.7
SBGL,Inverno,00-06,2206,1949,217,40,88.3
SBGL,Inverno,06-12,2282,1505,681,96,66.0
SBGL,Inverno,12-18,2919,2665,176,78,91.3
SBGL,Inverno,18-24,2782,2560,138,84,92.0
SBGL,Inverno,TODOS,10189,8679,1212,298,85.2
SBGL,Primavera,00-06,2035,1642,148,245,80.7
SBGL,Primavera,06-12,2237,1495,552,190,66.8
SBGL,Primavera,12-18,2751,2371,161,219,86.2
SBGL,Primavera,18-24,2427,1862,352,213,76.7
SBGL,Primavera,TODOS,9450,7370,1213,867,78.0
SBGL,TODAS,00-06,8432,6968,770,694,82.6
SBGL,TODAS,06-12,9072,5865,2562,645,64.6
SBGL,TODAS,12-18,11265,9895,607,763,87.8
SBGL,TODAS,18-24,10578,8523,1312,743,80.6
SBGL,TODAS,TODOS,39347,31251,5251,2845,79.4
SBGV,Verao,00-06,0,0,0,0,
SBGV,Verao,06-12,0,0,0,0,
SBGV,Verao,12-18,0,0,0,0,
SBGV,Verao,18-24,0,0,0,0,
SBGV,Verao,TODOS,0,0,0,0,
SBGV,Outono,00-06,0,0,0,0,
SBGV,Outono,06-12,0,0,0,0,
SBGV,Outono,12-18,0,0,0,0,
SBGV,Outono,18-24,0,0,0,0,
SBGV,Outono,TODOS,0,0,0,0,
SBGV,Inverno,00-06,0,0,0,0,
SBGV,Inverno,06-12,0,0,0,0,
SBGV,Inverno,12-18,0,0,0,0,
SBGV,Inverno,18-24,0,0,0,0,
SBGV,Inverno,TODOS,0,0,0,0,
SBGV,Primavera,00-06,0,0,0,0,
SBGV,Primavera,06-12,0,0,0,0,
SBGV,Primavera,12-18,0,0,0,0,
SBGV,Primavera,18-24,0,0,0,0,
SBGV,Primavera,TODOS,0,0,0,0,
SBGV,TODAS,00-06,0,0,0,0,
SBGV,TODAS,06-12,0,0,0,0,
SBGV,TODAS,12-18,0,0,0,0,
SBGV,TODAS,18-24,0,0,0,0,
SBGV,TODAS,TODOS,0,0,0,0,
SBIH,Verao,00-06,98,77,4,17,78.6
SBIH,Verao,06-12,7,4,3,0,57.1
SBIH,Verao,12-18,197,156,21,20,79.2
SBIH,Verao,18-24,112,69,32,11,61.6
SBIH,Verao,TODOS,414,306,60,48,73.9
SBIH,Outono,00-06,110,95,7,8,86.4
SBIH,Outono,06-12,23,17,5,1,73.9
SBIH,Outono,12-18,215,184,11,20,85.6
SBIH,Outono,18-24,187,122,46,19,65.2
SBIH,Outono,TODOS,535,418,69,48,78.1
SBIH,Inverno,00-06,141,124,2,15,87.9
SBIH,Inverno,06-12,54,27,23,4,50.0
SBIH,Inverno,12-18,254,246,2,6,96.9
SBIH,Inverno,18-24,219,176,31,12,80.4
SBIH,Inverno,TODOS,668,573,58,37,85.8
SBIH,Primavera,00-06,36,35,1,0,97.2
SBIH,Primavera,06-12,1,1,0,0,100.0
SBIH,Primavera,12-18,208,193,9,6,92.8
SBIH,Primavera,18-24,136,104,28,4,76.5
SBIH,Primavera,TODOS,381,333,38,10,87.4
SBIH,TODAS,00-06,385,331,14,40,86.0
SBIH,TODAS,06-12,85,49,31,5,57.6
SBIH,TODAS,12-18,874,779,43,52,89.1
SBIH,TODAS,18-24,654,471,137,46,72.0
SBIH,TODAS,TODOS,1998,1630,225,143,81.6
SBIP,Verao,00-06,239,178,24,37,74.5
SBIP,Verao,06-12,253,212,21,20,83.8
SBIP,Verao,12-18,488,439,22,27,90.0
SBIP,Verao,18-24,589,447,112,30,75.9
SBIP,Verao,TODOS,1569,1276,179,114,81.3
SBIP,Outono,00-06,201,169,7,25,84.1
SBIP,Outono,06-12,218,159,28,31,72.9
SBIP,Outono,12-18,534,499,26,9,93.4
SBIP,Outono,18-24,668,609,48,11,91.2
SBIP,Outono,TODOS,1621,1436,109,76,88.6
SBIP,Inverno,00-06,234,217,13,4,92.7
SBIP,Inverno,06-12,286,231,36,19,80.8
SBIP,Inverno,12-18,676,644,25,7,95.3
SBIP,Inverno,18-24,761,741,13,7,97.4
SBIP,Inverno,TODOS,1957,1833,87,37,93.7
SBIP,Primavera,00-06,333,254,41,38,76.3
SBIP,Primavera,06-12,335,261,41,33,77.9
SBIP,Primavera,12-18,632,594,27,11,94.0
SBIP,Primavera,18-24,675,549,105,21,81.3
SBIP,Primavera,TODOS,1975,1658,214,103,83.9
SBIP,TODAS,00-06,1007,818,85,104,81.2
SBIP,TODAS,06-12,1092,863,126,103,79.0
SBIP,TODAS,12-18,2330,2176,100,54,93.4
SBIP,TODAS,18-24,2693,2346,278,69,87.1
SBIP,TODAS,TODOS,7122,6203,589,330,87.1
SBJA,Verao,00-06,0,0,0,0,
SBJA,Verao,06-12,0,0,0,0,
SBJA,Verao,12-18,0,0,0,0,
SBJA,Verao,18-24,0,0,0,0,
SBJA,Verao,TODOS,0,0,0,0,
SBJA,Outono,00-06,0,0,0,0,
SBJA,Outono,06-12,0,0,0,0,
SBJA,Outono,12-18,0,0,0,0,
SBJA,Outono,18-24,0,0,0,0,
SBJA,Outono,TODOS,0,0,0,0,
SBJA,Inverno,00-06,0,0,0,0,
SBJA,Inverno,06-12,0,0,0,0,
SBJA,Inverno,12-18,0,0,0,0,
SBJA,Inverno,18-24,0,0,0,0,
SBJA,Inverno,TODOS,0,0,0,0,
SBJA,Primavera,00-06,0,0,0,0,
SBJA,Primavera,06-12,0,0,0,0,
SBJA,Primavera,12-18,0,0,0,0,
SBJA,Primavera,18-24,0,0,0,0,
SBJA,Primavera,TODOS,0,0,0,0,
SBJA,TODAS,00-06,0,0,0,0,
SBJA,TODAS,06-12,0,0,0,0,
SBJA,TODAS,12-18,0,0,0,0,
SBJA,TODAS,18-24,0,0,0,0,
SBJA,TODAS,TODOS,0,0,0,0,
SBJE,Verao,00-06,0,0,0,0,
SBJE,Verao,06-12,0,0,0,0,
SBJE,Verao,12-18,0,0,0,0,
SBJE,Verao,18-24,0,0,0,0,
SBJE,Verao,TODOS,0,0,0,0,
SBJE,Outono,00-06,0,0,0,0,
SBJE,Outono,06-12,0,0,0,0,
SBJE,Outono,12-18,0,0,0,0,
SBJE,Outono,18-24,0,0,0,0,
SBJE,Outono,TODOS,0,0,0,0,
SBJE,Inverno,00-06,0,0,0,0,
SBJE,Inverno,06-12,0,0,0,0,
SBJE,Inverno,12-18,0,0,0,0,
SBJE,Inverno,18-24,0,0,0,0,
SBJE,Inverno,TODOS,0,0,0,0,
SBJE,Primavera,00-06,0,0,0,0,
SBJE,Primavera,06-12,0,0,0,0,
SBJE,Primavera,12-18,0,0,0,0,
SBJE,Primavera,18-24,0,0,0,0,
SBJE,Primavera,TODOS,0,0,0,0,
SBJE,TODAS,00-06,0,0,0,0,
SBJE,TODAS,06-12,0,0,0,0,
SBJE,TODAS,12-18,0,0,0,0,
SBJE,TODAS,18-24,0,0,0,0,
SBJE,TODAS,TODOS,0,0,0,0,
SBJF,Verao,00-06,0,0,0,0,
SBJF,Verao,06-12,0,0,0,0,
SBJF,Verao,12-18,0,0,0,0,
SBJF,Verao,18-24,0,0,0,0,
SBJF,Verao,TODOS,0,0,0,0,
SBJF,Outono,00-06,0,0,0,0,
SBJF,Outono,06-12,0,0,0,0,
SBJF,Outono,12-18,0,0,0,0,
SBJF,Outono,18-24,0,0,0,0,
SBJF,Outono,TODOS,0,0,0,0,
SBJF,Inverno,00-06,0,0,0,0,
SBJF,Inverno,06-12,0,0,0,0,
SBJF,Inverno,12-18,0,0,0,0,
SBJF,Inverno,18-24,0,0,0,0,
SBJF,Inverno,TODOS,0,0,0,0,
SBJF,Primavera,00-06,0,0,0,0,
SBJF,Primavera,06-12,0,0,0,0,
SBJF,Primavera,12-18,0,0,0,0,
SBJF,Primavera,18-24,0,0,0,0,
SBJF,Primavera,TODOS,0,0,0,0,
SBJF,TODAS,00-06,0,0,0,0,
SBJF,TODAS,06-12,0,0,0,0,
SBJF,TODAS,12-18,0,0,0,0,
SBJF,TODAS,18-24,0,0,0,0,
SBJF,TODAS,TODOS,0,0,0,0,
SBJI,Verao,00-06,0,0,0,0,
SBJI,Verao,06-12,0,0,0,0,
SBJI,Verao,12-18,0,0,0,0,
SBJI,Verao,18-24,0,0,0,0,
SBJI,Verao,TODOS,0,0,0,0,
SBJI,Outono,00-06,0,0,0,0,
SBJI,Outono,06-12,0,0,0,0,
SBJI,Outono,12-18,0,0,0,0,
SBJI,Outono,18-24,0,0,0,0,
SBJI,Outono,TODOS,0,0,0,0,
SBJI,Inverno,00-06,0,0,0,0,
SBJI,Inverno,06-12,0,0,0,0,
SBJI,Inverno,12-18,0,0,0,0,
SBJI,Inverno,18-24,0,0,0,0,
SBJI,Inverno,TODOS,0,0,0,0,
SBJI,Primavera,00-06,0,0,0,0,
SBJI,Primavera,06-12,0,0,0,0,
SBJI,Primavera,12-18,0,0,0,0,
SBJI,Primavera,18-24,0,0,0,0,
SBJI,Primavera,TODOS,0,0,0,0,
SBJI,TODAS,00-06,0,0,0,0,
SBJI,TODAS,06-12,0,0,0,0,
SBJI,TODAS,12-18,0,0,0,0,
SBJI,TODAS,18-24,0,0,0,0,
SBJI,TODAS,TODOS,0,0,0,0,
SBJU,Verao,00-06,271,213,29,29,78.6
SBJU,Verao,06-12,155,108,32,15,69.7
SBJU,Verao,12-18,359,330,16,13,91.9
SBJU,Verao,18-24,365,313,43,9,85.8
SBJU,Verao,TODOS,1150,964,120,66,83.8
SBJU,Outono,00-06,251,228,18,5,90.8
SBJU,Outono,06-12,147,129,14,4,87.8
SBJU,Outono,12-18,369,361,4,4,97.8
SBJU,Outono,18-24,343,311,25,7,90.7
SBJU,Outono,TODOS,1110,1029,61,20,92.7
SBJU,Inverno,00-06,231,226,0,5,97.8
SBJU,Inverno,06-12,187,180,5,2,96.3
SBJU,Inverno,12-18,341,339,0,2,99.4
SBJU,Inverno,18-24,382,377,5,0,98.7
SBJU,Inverno,TODOS,1141,1122,10,9,98.3
SBJU,Primavera,00-06,198,194,2,2,98.0
SBJU,Primavera,06-12,160,157,2,1,98.1
SBJU,Primavera,12-18,332,332,0,0,100.0
SBJU,Primavera,18-24,336,335,1,0,99.7
SBJU,Primavera,TODOS,1026,1018,5,3,99.2
SBJU,TODAS,00-06,951,861,49,41,90.5
SBJU,TODAS,06-12,649,574,53,22,88.4
SBJU,TODAS,12-18,1401,1362,20,19,97.2
SBJU,TODAS,18-24,1426,1336,74,16,93.7
SBJU,TODAS,TODOS,4427,4133,196,98,93.4
SBLE,Verao,00-06,0,0,0,0,
SBLE,Verao,06-12,0,0,0,0,
SBLE,Verao,12-18,0,0,0,0,
SBLE,Verao,18-24,0,0,0,0,
SBLE,Verao,TODOS,0,0,0,0,
SBLE,Outono,00-06,0,0,0,0,
SBLE,Outono,06-12,0,0,0,0,
SBLE,Outono,12-18,0,0,0,0,
SBLE,Outono,18-24,0,0,0,0,
SBLE,Outono,TODOS,0,0,0,0,
SBLE,Inverno,00-06,0,0,0,0,
SBLE,Inverno,06-12,0,0,0,0,
SBLE,Inverno,12-18,0,0,0,0,
SBLE,Inverno,18-24,0,0,0,0,
SBLE,Inverno,TODOS,0,0,0,0,
SBLE,Primavera,00-06,0,0,0,0,
SBLE,Primavera,06-12,0,0,0,0,
SBLE,Primavera,12-18,0,0,0,0,
SBLE,Primavera,18-24,0,0,0,0,
SBLE,Primavera,TODOS,0,0,0,0,
SBLE,TODAS,00-06,0,0,0,0,
SBLE,TODAS,06-12,0,0,0,0,
SBLE,TODAS,12-18,0,0,0,0,
SBLE,TODAS,18-24,0,0,0,0,
SBLE,TODAS,TODOS,0,0,0,0,
SBLJ,Verao,00-06,0,0,0,0,
SBLJ,Verao,06-12,0,0,0,0,
SBLJ,Verao,12-18,0,0,0,0,
SBLJ,Verao,18-24,0,0,0,0,
SBLJ,Verao,TODOS,0,0,0,0,
SBLJ,Outono,00-06,0,0,0,0,
SBLJ,Outono,06-12,0,0,0,0,
SBLJ,Outono,12-18,0,0,0,0,
SBLJ,Outono,18-24,0,0,0,0,
SBLJ,Outono,TODOS,0,0,0,0,
SBLJ,Inverno,00-06,0,0,0,0,
SBLJ,Inverno,06-12,0,0,0,0,
SBLJ,Inverno,12-18,0,0,0,0,
SBLJ,Inverno,18-24,0,0,0,0,
SBLJ,Inverno,TODOS,0,0,0,0,
SBLJ,Primavera,00-06,0,0,0,0,
SBLJ,Primavera,06-12,0,0,0,0,
SBLJ,Primavera,12-18,0,0,0,0,
SBLJ,Primavera,18-24,0,0,0,0,
SBLJ,Primavera,TODOS,0,0,0,0,
SBLJ,TODAS,00-06,0,0,0,0,
SBLJ,TODAS,06-12,0,0,0,0,
SBLJ,TODAS,12-18,0,0,0,0,
SBLJ,TODAS,18-24,0,0,0,0,
SBLJ,TODAS,TODOS,0,0,0,0,
SBME,Verao,00-06,0,0,0,0,
SBME,Verao,06-12,0,0,0,0,
SBME,Verao,12-18,0,0,0,0,
SBME,Verao,18-24,0,0,0,0,
SBME,Verao,TODOS,0,0,0,0,
SBME,Outono,00-06,0,0,0,0,
SBME,Outono,06-12,0,0,0,0,
SBME,Outono,12-18,0,0,0,0,
SBME,Outono,18-24,0,0,0,0,
SBME,Outono,TODOS,0,0,0,0,
SBME,Inverno,00-06,0,0,0,0,
SBME,Inverno,06-12,0,0,0,0,
SBME,Inverno,12-18,0,0,0,0,
SBME,Inverno,18-24,0,0,0,0,
SBME,Inverno,TODOS,0,0,0,0,
SBME,Primavera,00-06,0,0,0,0,
SBME,Primavera,06-12,0,0,0,0,
SBME,Primavera,12-18,0,0,0,0,
SBME,Primavera,18-24,0,0,0,0,
SBME,Primavera,TODOS,0,0,0,0,
SBME,TODAS,00-06,0,0,0,0,
SBME,TODAS,06-12,0,0,0,0,
SBME,TODAS,12-18,0,0,0,0,
SBME,TODAS,18-24,0,0,0,0,
SBME,TODAS,TODOS,0,0,0,0,
SBMG,Verao,00-06,17,16,1,0,94.1
SBMG,Verao,06-12,0,0,0,0,
SBMG,Verao,12-18,249,234,4,11,94.0
SBMG,Verao,18-24,282,196,23,63,69.5
SBMG,Verao,TODOS,548,446,28,74,81.4
SBMG,Outono,00-06,4,3,0,1,75.0
SBMG,Outono,06-12,60,36,0,24,60.0
SBMG,Outono,12-18,210,186,1,23,88.6
SBMG,Outono,18-24,402,349,19,34,86.8
SBMG,Outono,TODOS,676,574,20,82,84.9
SBMG,Inverno,00-06,0,0,0,0,
SBMG,Inverno,06-12,46,31,2,13,67.4
SBMG,Inverno,12-18,194,181,5,8,93.3
SBMG,Inverno,18-24,412,382,10,20,92.7
SBMG,Inverno,TODOS,652,594,17,41,91.1
SBMG,Primavera,00-06,21,19,2,0,90.5
SBMG,Primavera,06-12,8,8,0,0,100.0
SBMG,Primavera,12-18,184,161,20,3,87.5
SBMG,Primavera,18-24,228,195,22,11,85.5
SBMG,Primavera,TODOS,441,383,44,14,86.8
SBMG,TODAS,00-06,42,38,3,1,90.5
SBMG,TODAS,06-12,114,75,2,37,65.8
SBMG,TODAS,12-18,837,762,30,45,91.0
SBMG,TODAS,18-24,1324,1122,74,128,84.7
SBMG,TODAS,TODOS,2317,1997,109,211,86.2
SBML,Verao,00-06,0,0,0,0,
SBML,Verao,06-12,0,0,0,0,
SBML,Verao,12-18,0,0,0,0,
SBML,Verao,18-24,0,0,0,0,
SBML,Verao,TODOS,0,0,0,0,
SBML,Outono,00-06,0,0,0,0,
SBML,Outono,06-12,0,0,0,0,
SBML,Outono,12-18,0,0,0,0,
SBML,Outono,18-24,0,0,0,0,
SBML,Outono,TODOS,0,0,0,0,
SBML,Inverno,00-06,0,0,0,0,
SBML,Inverno,06-12,0,0,0,0,
SBML,Inverno,12-18,0,0,0,0,
SBML,Inverno,18-24,0,0,0,0,
SBML,Inverno,TODOS,0,0,0,0,
SBML,Primavera,00-06,0,0,0,0,
SBML,Primavera,06-12,0,0,0,0,
SBML,Primavera,12-18,0,0,0,0,
SBML,Primavera,18-24,0,0,0,0,
SBML,Primavera,TODOS,0,0,0,0,
SBML,TODAS,00-06,0,0,0,0,
SBML,TODAS,06-12,0,0,0,0,
SBML,TODAS,12-18,0,0,0,0,
SBML,TODAS,18-24,0,0,0,0,
SBML,TODAS,TODOS,0,0,0,0,
SBMO,Verao,00-06,70,65,2,3,92.9
SBMO,Verao,06-12,1,1,0,0,100.0
SBMO,Verao,12-18,179,152,12,15,84.9
SBMO,Verao,18-24,219,206,7,6,94.1
SBMO,Verao,TODOS,469,424,21,24,90.4
SBMO,Outono,00-06,84,53,10,21,63.1
SBMO,Outono,06-12,0,0,0,0,
SBMO,Outono,12-18,164,112,13,39,68.3
SBMO,Outono,18-24,174,131,16,27,75.3
SBMO,Outono,TODOS,422,296,39,87,70.1
SBMO,Inverno,00-06,138,94,28,16,68.1
SBMO,Inverno,06-12,2,1,1,0,50.0
SBMO,Inverno,12-18,139,115,5,19,82.7
SBMO,Inverno,18-24,107,85,12,10,79.4
SBMO,Inverno,TODOS,386,295,46,45,76.4
SBMO,Primavera,00-06,126,116,7,3,92.1
SBMO,Primavera,06-12,0,0,0,0,
SBMO,Primavera,12-18,192,172,10,10,89.6
SBMO,Primavera,18-24,128,125,0,3,97.7
SBMO,Primavera,TODOS,446,413,17,16,92.6
SBMO,TODAS,00-06,418,328,47,43,78.5
SBMO,TODAS,06-12,3,2,1,0,66.7
SBMO,TODAS,12-18,674,551,40,83,81.8
SBMO,TODAS,18-24,628,547,35,46,87.1
SBMO,TODAS,TODOS,1723,1428,123,172,82.9
SBNM,Verao,00-06,0,0,0,0,
SBNM,Verao,06-12,0,0,0,0,
SBNM,Verao,12-18,0,0,0,0,
SBNM,Verao,18-24,0,0,0,0,
SBNM,Verao,TODOS,0,0,0,0,
SBNM,Outono,00-06,0,0,0,0,
SBNM,Outono,06-12,0,0,0,0,
SBNM,Outono,12-18,0,0,0,0,
SBNM,Outono,18-24,0,0,0,0,
SBNM,Outono,TODOS,0,0,0,0,
SBNM,Inverno,00-06,0,0,0,0,
SBNM,Inverno,06-12,0,0,0,0,
SBNM,Inverno,12-18,0,0,0,0,
SBNM,Inverno,18-24,0,0,0,0,
SBNM,Inverno,TODOS,0,0,0,0,
SBNM,Primavera,00-06,0,0,0,0,
SBNM,Primavera,06-12,0,0,0,0,
SBNM,Primavera,12-18,0,0,0,0,
SBNM,Primavera,18-24,0,0,0,0,
SBNM,Primavera,TODOS,0,0,0,0,
SBNM,TODAS,00-06,0,0,0,0,
SBNM,TODAS,06-12,0,0,0,0,
SBNM,TODAS,12-18,0,0,0,0,
SBNM,TODAS,18-24,0,0,0,0,
SBNM,TODAS,TODOS,0,0,0,0,
SBNT,Verao,00-06,0,0,0,0,
SBNT,Verao,06-12,0,0,0,0,
SBNT,Verao,12-18,0,0,0,0,
SBNT,Verao,18-24,0,0,0,0,
SBNT,Verao,TODOS,0,0,0,0,
SBNT,Outono,00-06,0,0,0,0,
SBNT,Outono,06-12,0,0,0,0,
SBNT,Outono,12-18,0,0,0,0,
SBNT,Outono,18-24,0,0,0,0,
SBNT,Outono,TODOS,0,0,0,0,
SBNT,Inverno,00-06,0,0,0,0,
SBNT,Inverno,06-12,0,0,0,0,
SBNT,Inverno,12-18,0,0,0,0,
SBNT,Inverno,18-24,0,0,0,0,
SBNT,Inverno,TODOS,0,0,0,0,
SBNT,Primavera,00-06,0,0,0,0,
SBNT,Primavera,06-12,0,0,0,0,
SBNT,Primavera,12-18,0,0,0,0,
SBNT,Primavera,18-24,0,0,0,0,
SBNT,Primavera,TODOS,0,0,0,0,
SBNT,TODAS,00-06,0,0,0,0,
SBNT,TODAS,06-12,0,0,0,0,
SBNT,TODAS,12-18,0,0,0,0,
SBNT,TODAS,18-24,0,0,0,0,
SBNT,TODAS,TODOS,0,0,0,0,
SBPA,Verao,00-06,0,0,0,0,
SBPA,Verao,06-12,1,1,0,0,100.0
SBPA,Verao,12-18,207,180,8,19,87.0
SBPA,Verao,18-24,37,23,3,11,62.2
SBPA,Verao,TODOS,245,204,11,30,83.3
SBPA,Outono,00-06,0,0,0,0,
SBPA,Outono,06-12,0,0,0,0,
SBPA,Outono,12-18,225,181,12,32,80.4
SBPA,Outono,18-24,34,29,1,4,85.3
SBPA,Outono,TODOS,259,210,13,36,81.1
SBPA,Inverno,00-06,0,0,0,0,
SBPA,Inverno,06-12,0,0,0,0,
SBPA,Inverno,12-18,230,183,26,21,79.6
SBPA,Inverno,18-24,54,47,3,4,87.0
SBPA,Inverno,TODOS,284,230,29,25,81.0
SBPA,Primavera,00-06,20,19,0,1,95.0
SBPA,Primavera,06-12,0,0,0,0,
SBPA,Primavera,12-18,216,186,15,15,86.1
SBPA,Primavera,18-24,45,41,1,3,91.1
SBPA,Primavera,TODOS,281,246,16,19,87.5
SBPA,TODAS,00-06,20,19,0,1,95.0
SBPA,TODAS,06-12,1,1,0,0,100.0
SBPA,TODAS,12-18,878,730,61,87,83.1
SBPA,TODAS,18-24,170,140,8,22,82.4
SBPA,TODAS,TODOS,1069,890,69,110,83.3
SBPF,Verao,00-06,0,0,0,0,
SBPF,Verao,06-12,0,0,0,0,
SBPF,Verao,12-18,0,0,0,0,
SBPF,Verao,18-24,0,0,0,0,
SBPF,Verao,TODOS,0,0,0,0,
SBPF,Outono,00-06,0,0,0,0,
SBPF,Outono,06-12,0,0,0,0,
SBPF,Outono,12-18,0,0,0,0,
SBPF,Outono,18-24,0,0,0,0,
SBPF,Outono,TODOS,0,0,0,0,
SBPF,Inverno,00-06,0,0,0,0,
SBPF,Inverno,06-12,0,0,0,0,
SBPF,Inverno,12-18,0,0,0,0,
SBPF,Inverno,18-24,0,0,0,0,
SBPF,Inverno,TODOS,0,0,0,0,
SBPF,Primavera,00-06,0,0,0,0,
SBPF,Primavera,06-12,0,0,0,0,
SBPF,Primavera,12-18,0,0,0,0,
SBPF,Primavera,18-24,0,0,0,0,
SBPF,Primavera,TODOS,0,0,0,0,
SBPF,TODAS,00-06,0,0,0,0,
SBPF,TODAS,06-12,0,0,0,0,
SBPF,TODAS,12-18,0,0,0,0,
SBPF,TODAS,18-24,0,0,0,0,
SBPF,TODAS,TODOS,0,0,0,0,
SBPG,Verao,00-06,0,0,0,0,
SBPG,Verao,06-12,0,0,0,0,
SBPG,Verao,12-18,0,0,0,0,
SBPG,Verao,18-24,0,0,0,0,
SBPG,Verao,TODOS,0,0,0,0,
SBPG,Outono,00-06,0,0,0,0,
SBPG,Outono,06-12,0,0,0,0,
SBPG,Outono,12-18,0,0,0,0,
SBPG,Outono,18-24,0,0,0,0,
SBPG,Outono,TODOS,0,0,0,0,
SBPG,Inverno,00-06,0,0,0,0,
SBPG,Inverno,06-12,0,0,0,0,
SBPG,Inverno,12-18,0,0,0,0,
SBPG,Inverno,18-24,0,0,0,0,
SBPG,Inverno,TODOS,0,0,0,0,
SBPG,Primavera,00-06,0,0,0,0,
SBPG,Primavera,06-12,0,0,0,0,
SBPG,Primavera,12-18,0,0,0,0,
SBPG,Primavera,18-24,0,0,0,0,
SBPG,Primavera,TODOS,0,0,0,0,
SBPG,TODAS,00-06,0,0,0,0,
SBPG,TODAS,06-12,0,0,0,0,
SBPG,TODAS,12-18,0,0,0,0,
SBPG,TODAS,18-24,0,0,0,0,
SBPG,TODAS,TODOS,0,0,0,0,
SBPO,Verao,00-06,0,0,0,0,
SBPO,Verao,06-12,0,0,0,0,
SBPO,Verao,12-18,0,0,0,0,
SBPO,Verao,18-24,0,0,0,0,
SBPO,Verao,TODOS,0,0,0,0,
SBPO,Outono,00-06,0,0,0,0,
SBPO,Outono,06-12,0,0,0,0,
SBPO,Outono,12-18,0,0,0,0,
SBPO,Outono,18-24,0,0,0,0,
SBPO,Outono,TODOS,0,0,0,0,
SBPO,Inverno,00-06,0,0,0,0,
SBPO,Inverno,06-12,0,0,0,0,
SBPO,Inverno,12-18,0,0,0,0,
SBPO,Inverno,18-24,0,0,0,0,
SBPO,Inverno,TODOS,0,0,0,0,
SBPO,Primavera,00-06,0,0,0,0,
SBPO,Primavera,06-12,0,0,0,0,
SBPO,Primavera,12-18,0,0,0,0,
SBPO,Primavera,18-24,0,0,0,0,
SBPO,Primavera,TODOS,0,0,0,0,
SBPO,TODAS,00-06,0,0,0,0,
SBPO,TODAS,06-12,0,0,0,0,
SBPO,TODAS,12-18,0,0,0,0,
SBPO,TODAS,18-24,0,0,0,0,
SBPO,TODAS,TODOS,0,0,0,0,
SBPS,Verao,00-06,0,0,0,0,
SBPS,Verao,06-12,0,0,0,0,
SBPS,Verao,12-18,0,0,0,0,
SBPS,Verao,18-24,0,0,0,0,
SBPS,Verao,TODOS,0,0,0,0,
SBPS,Outono,00-06,0,0,0,0,
SBPS,Outono,06-12,0,0,0,0,
SBPS,Outono,12-18,0,0,0,0,
SBPS,Outono,18-24,0,0,0,0,
SBPS,Outono,TODOS,0,0,0,0,
SBPS,Inverno,00-06,0,0,0,0,
SBPS,Inverno,06-12,0,0,0,0,
SBPS,Inverno,12-18,0,0,0,0,
SBPS,Inverno,18-24,0,0,0,0,
SBPS,Inverno,TODOS,0,0,0,0,
SBPS,Primavera,00-06,0,0,0,0,
SBPS,Primavera,06-12,0,0,0,0,
SBPS,Primavera,12-18,0,0,0,0,
SBPS,Primavera,18-24,0,0,0,0,
SBPS,Primavera,TODOS,0,0,0,0,
SBPS,TODAS,00-06,0,0,0,0,
SBPS,TODAS,06-12,0,0,0,0,
SBPS,TODAS,12-18,0,0,0,0,
SBPS,TODAS,18-24,0,0,0,0,
SBPS,TODAS,TODOS,0,0,0,0,
SBPV,Verao,00-06,0,0,0,0,
SBPV,Verao,06-12,60,42,12,6,70.0
SBPV,Verao,12-18,1,0,0,1,0.0
SBPV,Verao,18-24,23,10,8,5,43.5
SBPV,Verao,TODOS,84,52,20,12,61.9
SBPV,Outono,00-06,0,0,0,0,
SBPV,Outono,06-12,7,6,1,0,85.7
SBPV,Outono,12-18,58,46,2,10,79.3
SBPV,Outono,18-24,36,19,9,8,52.8
SBPV,Outono,TODOS,101,71,12,18,70.3
SBPV,Inverno,00-06,1,1,0,0,100.0
SBPV,Inverno,06-12,27,24,2,1,88.9
SBPV,Inverno,12-18,39,36,1,2,92.3
SBPV,Inverno,18-24,34,30,1,3,88.2
SBPV,Inverno,TODOS,101,91,4,6,90.1
SBPV,Primavera,00-06,0,0,0,0,
SBPV,Primavera,06-12,51,36,9,6,70.6
SBPV,Primavera,12-18,0,0,0,0,
SBPV,Primavera,18-24,26,15,10,1,57.7
SBPV,Primavera,TODOS,77,51,19,7,66.2
SBPV,TODAS,00-06,1,1,0,0,100.0
SBPV,TODAS,06-12,145,108,24,13,74.5
SBPV,TODAS,12-18,98,82,3,13,83.7
SBPV,TODAS,18-24,119,74,28,17,62.2
SBPV,TODAS,TODOS,363,265,55,43,73.0
SBRB,Verao,00-06,0,0,0,0,
SBRB,Verao,06-12,38,22,9,7,57.9
SBRB,Verao,12-18,0,0,0,0,
SBRB,Verao,18-24,2,1,1,0,50.0
SBRB,Verao,TODOS,40,23,10,7,57.5
SBRB,Outono,00-06,0,0,0,0,
SBRB,Outono,06-12,77,47,25,5,61.0
SBRB,Outono,12-18,0,0,0,0,
SBRB,Outono,18-24,2,1,1,0,50.0
SBRB,Outono,TODOS,79,48,26,5,60.8
SBRB,Inverno,00-06,2,2,0,0,100.0
SBRB,Inverno,06-12,64,46,17,1,71.9
SBRB,Inverno,12-18,0,0,0,0,
SBRB,Inverno,18-24,1,0,1,0,0.0
SBRB,Inverno,TODOS,67,48,18,1,71.6
SBRB,Primavera,00-06,0,0,0,0,
SBRB,Primavera,06-12,36,19,16,1,52.8
SBRB,Primavera,12-18,0,0,0,0,
SBRB,Primavera,18-24,1,1,0,0,100.0
SBRB,Primavera,TODOS,37,20,16,1,54.1
SBRB,TODAS,00-06,2,2,0,0,100.0
SBRB,TODAS,06-12,215,134,67,14,62.3
SBRB,TODAS,12-18,0,0,0,0,
SBRB,TODAS,18-24,6,3,3,0,50.0
SBRB,TODAS,TODOS,223,139,70,14,62.3
SBRD,Verao,00-06,98,74,1,23,75.5
SBRD,Verao,06-12,2,1,0,1,50.0
SBRD,Verao,12-18,237,163,16,58,68.8
SBRD,Verao,18-24,265,157,72,36,59.2
SBRD,Verao,TODOS,602,395,89,118,65.6
SBRD,Outono,00-06,169,162,1,6,95.9
SBRD,Outono,06-12,12,12,0,0,100.0
SBRD,Outono,12-18,297,288,0,9,97.0
SBRD,Outono,18-24,244,210,23,11,86.1
SBRD,Outono,TODOS,722,672,24,26,93.1
SBRD,Inverno,00-06,160,159,0,1,99.4
SBRD,Inverno,06-12,22,22,0,0,100.0
SBRD,Inverno,12-18,311,304,3,4,97.7
SBRD,Inverno,18-24,331,324,3,4,97.9
SBRD,Inverno,TODOS,824,809,6,9,98.2
SBRD,Primavera,00-06,159,119,4,36,74.8
SBRD,Primavera,06-12,68,55,1,12,80.9
SBRD,Primavera,12-18,245,197,11,37,80.4
SBRD,Primavera,18-24,294,189,66,39,64.3
SBRD,Primavera,TODOS,766,560,82,124,73.1
SBRD,TODAS,00-06,586,514,6,66,87.7
SBRD,TODAS,06-12,104,90,1,13,86.5
SBRD,TODAS,12-18,1090,952,30,108,87.3
SBRD,TODAS,18-24,1134,880,164,90,77.6
SBRD,TODAS,TODOS,2914,2436,201,277,83.6
SBRF,Verao,00-06,257,202,35,20,78.6
SBRF,Verao,06-12,67,51,9,7,76.1
SBRF,Verao,12-18,507,430,9,68,84.8
SBRF,Verao,18-24,370,332,11,27,89.7
SBRF,Verao,TODOS,1201,1015,64,122,84.5
SBRF,Outono,00-06,251,152,63,36,60.6
SBRF,Outono,06-12,15,7,6,2,46.7
SBRF,Outono,12-18,393,297,54,42,75.6
SBRF,Outono,18-24,289,215,46,28,74.4
SBRF,Outono,TODOS,948,671,169,108,70.8
SBRF,Inverno,00-06,281,195,61,25,69.4
SBRF,Inverno,06-12,19,16,3,0,84.2
SBRF,Inverno,12-18,421,302,43,76,71.7
SBRF,Inverno,18-24,344,258,42,44,75.0
SBRF,Inverno,TODOS,1065,771,149,145,72.4
SBRF,Primavera,00-06,210,178,24,8,84.8
SBRF,Primavera,06-12,47,38,5,4,80.9
SBRF,Primavera,12-18,365,341,11,13,93.4
SBRF,Primavera,18-24,293,282,6,5,96.2
SBRF,Primavera,TODOS,915,839,46,30,91.7
SBRF,TODAS,00-06,999,727,183,89,72.8
SBRF,TODAS,06-12,148,112,23,13,75.7
SBRF,TODAS,12-18,1686,1370,117,199,81.3
SBRF,TODAS,18-24,1296,1087,105,104,83.9
SBRF,TODAS,TODOS,4129,3296,428,405,79.8
SBSG,Verao,00-06,6,5,0,1,83.3
SBSG,Verao,06-12,1,0,1,0,0.0
SBSG,Verao,12-18,224,190,9,25,84.8
SBSG,Verao,18-24,105,85,6,14,81.0
SBSG,Verao,TODOS,336,280,16,40,83.3
SBSG,Outono,00-06,13,8,1,4,61.5
SBSG,Outono,06-12,2,1,1,0,50.0
SBSG,Outono,12-18,222,149,35,38,67.1
SBSG,Outono,18-24,129,87,14,28,67.4
SBSG,Outono,TODOS,366,245,51,70,66.9
SBSG,Inverno,00-06,4,3,0,1,75.0
SBSG,Inverno,06-12,2,1,1,0,50.0
SBSG,Inverno,12-18,223,165,16,42,74.0
SBSG,Inverno,18-24,105,87,7,11,82.9
SBSG,Inverno,TODOS,334,256,24,54,76.6
SBSG,Primavera,00-06,0,0,0,0,
SBSG,Primavera,06-12,0,0,0,0,
SBSG,Primavera,12-18,194,184,5,5,94.8
SBSG,Primavera,18-24,91,89,0,2,97.8
SBSG,Primavera,TODOS,285,273,5,7,95.8
SBSG,TODAS,00-06,23,16,1,6,69.6
SBSG,TODAS,06-12,5,2,3,0,40.0
SBSG,TODAS,12-18,863,688,65,110,79.7
SBSG,TODAS,18-24,430,348,27,55,80.9
SBSG,TODAS,TODOS,1321,1054,96,171,79.8
SBSI,Verao,00-06,0,0,0,0,
SBSI,Verao,06-12,0,0,0,0,
SBSI,Verao,12-18,0,0,0,0,
SBSI,Verao,18-24,0,0,0,0,
SBSI,Verao,TODOS,0,0,0,0,
SBSI,Outono,00-06,0,0,0,0,
SBSI,Outono,06-12,0,0,0,0,
SBSI,Outono,12-18,0,0,0,0,
SBSI,Outono,18-24,0,0,0,0,
SBSI,Outono,TODOS,0,0,0,0,
SBSI,Inverno,00-06,0,0,0,0,
SBSI,Inverno,06-12,0,0,0,0,
SBSI,Inverno,12-18,0,0,0,0,
SBSI,Inverno,18-24,0,0,0,0,
SBSI,Inverno,TODOS,0,0,0,0,
SBSI,Primavera,00-06,0,0,0,0,
SBSI,Primavera,06-12,0,0,0,0,
SBSI,Primavera,12-18,0,0,0,0,
SBSI,Primavera,18-24,0,0,0,0,
SBSI,Primavera,TODOS,0,0,0,0,
SBSI,TODAS,00-06,0,0,0,0,
SBSI,TODAS,06-12,0,0,0,0,
SBSI,TODAS,12-18,0,0,0,0,
SBSI,TODAS,18-24,0,0,0,0,
SBSI,TODAS,TODOS,0,0,0,0,
SBSJ,Verao,00-06,0,0,0,0,
SBSJ,Verao,06-12,0,0,0,0,
SBSJ,Verao,12-18,0,0,0,0,
SBSJ,Verao,18-24,0,0,0,0,
SBSJ,Verao,TODOS,0,0,0,0,
SBSJ,Outono,00-06,0,0,0,0,
SBSJ,Outono,06-12,0,0,0,0,
SBSJ,Outono,12-18,0,0,0,0,
SBSJ,Outono,18-24,0,0,0,0,
SBSJ,Outono,TODOS,0,0,0,0,
SBSJ,Inverno,00-06,0,0,0,0,
SBSJ,Inverno,06-12,0,0,0,0,
SBSJ,Inverno,12-18,0,0,0,0,
SBSJ,Inverno,18-24,0,0,0,0,
SBSJ,Inverno,TODOS,0,0,0,0,
SBSJ,Primavera,00-06,0,0,0,0,
SBSJ,Primavera,06-12,0,0,0,0,
SBSJ,Primavera,12-18,0,0,0,0,
SBSJ,Primavera,18-24,0,0,0,0,
SBSJ,Primavera,TODOS,0,0,0,0,
SBSJ,TODAS,00-06,0,0,0,0,
SBSJ,TODAS,06-12,0,0,0,0,
SBSJ,TODAS,12-18,0,0,0,0,
SBSJ,TODAS,18-24,0,0,0,0,
SBSJ,TODAS,TODOS,0,0,0,0,
SBSL,Verao,00-06,0,0,0,0,
SBSL,Verao,06-12,86,66,15,5,76.7
SBSL,Verao,12-18,25,14,3,8,56.0
SBSL,Verao,18-24,158,115,39,4,72.8
SBSL,Verao,TODOS,269,195,57,17,72.5
SBSL,Outono,00-06,29,24,3,2,82.8
SBSL,Outono,06-12,88,66,17,5,75.0
SBSL,Outono,12-18,14,9,4,1,64.3
SBSL,Outono,18-24,177,99,56,22,55.9
SBSL,Outono,TODOS,308,198,80,30,64.3
SBSL,Inverno,00-06,4,4,0,0,100.0
SBSL,Inverno,06-12,88,86,1,1,97.7
SBSL,Inverno,12-18,52,51,0,1,98.1
SBSL,Inverno,18-24,134,109,21,4,81.3
SBSL,Inverno,TODOS,278,250,22,6,89.9
SBSL,Primavera,00-06,1,1,0,0,100.0
SBSL,Primavera,06-12,85,84,1,0,98.8
SBSL,Primavera,12-18,30,30,0,0,100.0
SBSL,Primavera,18-24,135,132,2,1,97.8
SBSL,Primavera,TODOS,251,247,3,1,98.4
SBSL,TODAS,00-06,34,29,3,2,85.3
SBSL,TODAS,06-12,347,302,34,11,87.0
SBSL,TODAS,12-18,121,104,7,10,86.0
SBSL,TODAS,18-24,604,455,118,31,75.3
SBSL,TODAS,TODOS,1106,890,162,54,80.5
SBSM,Verao,00-06,0,0,0,0,
SBSM,Verao,06-12,13,10,0,3,76.9
SBSM,Verao,12-18,124,106,12,6,85.5
SBSM,Verao,18-24,109,92,8,9,84.4
SBSM,Verao,TODOS,246,208,20,18,84.6
SBSM,Outono,00-06,1,0,0,1,0.0
SBSM,Outono,06-12,29,17,1,11,58.6
SBSM,Outono,12-18,130,116,4,10,89.2
SBSM,Outono,18-24,128,111,14,3,86.7
SBSM,Outono,TODOS,288,244,19,25,84.7
SBSM,Inverno,00-06,0,0,0,0,
SBSM,Inverno,06-12,25,13,5,7,52.0
SBSM,Inverno,12-18,125,109,10,6,87.2
SBSM,Inverno,18-24,131,115,12,4,87.8
SBSM,Inverno,TODOS,281,237,27,17,84.3
SBSM,Primavera,00-06,0,0,0,0,
SBSM,Primavera,06-12,13,12,1,0,92.3
SBSM,Primavera,12-18,131,116,6,9,88.5
SBSM,Primavera,18-24,130,111,13,6,85.4
SBSM,Primavera,TODOS,274,239,20,15,87.2
SBSM,TODAS,00-06,1,0,0,1,0.0
SBSM,TODAS,06-12,80,52,7,21,65.0
SBSM,TODAS,12-18,510,447,32,31,87.6
SBSM,TODAS,18-24,498,429,47,22,86.1
SBSM,TODAS,TODOS,1089,928,86,75,85.2
SBSO,Verao,00-06,0,0,0,0,
SBSO,Verao,06-12,0,0,0,0,
SBSO,Verao,12-18,0,0,0,0,
SBSO,Verao,18-24,0,0,0,0,
SBSO,Verao,TODOS,0,0,0,0,
SBSO,Outono,00-06,0,0,0,0,
SBSO,Outono,06-12,0,0,0,0,
SBSO,Outono,12-18,0,0,0,0,
SBSO,Outono,18-24,0,0,0,0,
SBSO,Outono,TODOS,0,0,0,0,
SBSO,Inverno,00-06,0,0,0,0,
SBSO,Inverno,06-12,0,0,0,0,
SBSO,Inverno,12-18,0,0,0,0,
SBSO,Inverno,18-24,0,0,0,0,
SBSO,Inverno,TODOS,0,0,0,0,
SBSO,Primavera,00-06,0,0,0,0,
SBSO,Primavera,06-12,0,0,0,0,
SBSO,Primavera,12-18,0,0,0,0,
SBSO,Primavera,18-24,0,0,0,0,
SBSO,Primavera,TODOS,0,0,0,0,
SBSO,TODAS,00-06,0,0,0,0,
SBSO,TODAS,06-12,0,0,0,0,
SBSO,TODAS,12-18,0,0,0,0,
SBSO,TODAS,18-24,0,0,0,0,
SBSO,TODAS,TODOS,0,0,0,0,
SBSP,Verao,00-06,0,0,0,0,
SBSP,Verao,06-12,0,0,0,0,
SBSP,Verao,12-18,0,0,0,0,
SBSP,Verao,18-24,0,0,0,0,
SBSP,Verao,TODOS,0,0,0,0,
SBSP,Outono,00-06,0,0,0,0,
SBSP,Outono,06-12,0,0,0,0,
SBSP,Outono,12-18,0,0,0,0,
SBSP,Outono,18-24,0,0,0,0,
SBSP,Outono,TODOS,0,0,0,0,
SBSP,Inverno,00-06,0,0,0,0,
SBSP,Inverno,06-12,0,0,0,0,
SBSP,Inverno,12-18,0,0,0,0,
SBSP,Inverno,18-24,0,0,0,0,
SBSP,Inverno,TODOS,0,0,0,0,
SBSP,Primavera,00-06,0,0,0,0,
SBSP,Primavera,06-12,0,0,0,0,
SBSP,Primavera,12-18,0,0,0,0,
SBSP,Primavera,18-24,0,0,0,0,
SBSP,Primavera,TODOS,0,0,0,0,
SBSP,TODAS,00-06,0,0,0,0,
SBSP,TODAS,06-12,0,0,0,0,
SBSP,TODAS,12-18,0,0,0,0,
SBSP,TODAS,18-24,0,0,0,0,
SBSP,TODAS,TODOS,0,0,0,0,
SBSR,Verao,00-06,0,0,0,0,
SBSR,Verao,06-12,0,0,0,0,
SBSR,Verao,12-18,166,149,3,14,89.8
SBSR,Verao,18-24,2,1,0,1,50.0
SBSR,Verao,TODOS,168,150,3,15,89.3
SBSR,Outono,00-06,0,0,0,0,
SBSR,Outono,06-12,0,0,0,0,
SBSR,Outono,12-18,167,156,7,4,93.4
SBSR,Outono,18-24,0,0,0,0,
SBSR,Outono,TODOS,167,156,7,4,93.4
SBSR,Inverno,00-06,0,0,0,0,
SBSR,Inverno,06-12,0,0,0,0,
SBSR,Inverno,12-18,182,179,0,3,98.4
SBSR,Inverno,18-24,1,1,0,0,100.0
SBSR,Inverno,TODOS,183,180,0,3,98.4
SBSR,Primavera,00-06,0,0,0,0,
SBSR,Primavera,06-12,0,0,0,0,
SBSR,Primavera,12-18,151,137,11,3,90.7
SBSR,Primavera,18-24,10,6,4,0,60.0
SBSR,Primavera,TODOS,161,143,15,3,88.8
SBSR,TODAS,00-06,0,0,0,0,
SBSR,TODAS,06-12,0,0,0,0,
SBSR,TODAS,12-18,666,621,21,24,93.2
SBSR,TODAS,18-24,13,8,4,1,61.5
SBSR,TODAS,TODOS,679,629,25,25,92.6
SBSV,Verao,00-06,55,54,0,1,98.2
SBSV,Verao,06-12,103,75,7,21,72.8
SBSV,Verao,12-18,185,143,11,31,77.3
SBSV,Verao,18-24,315,277,23,15,87.9
SBSV,Verao,TODOS,658,549,41,68,83.4
SBSV,Outono,00-06,19,17,1,1,89.5
SBSV,Outono,06-12,86,52,15,19,60.5
SBSV,Outono,12-18,216,144,16,56,66.7
SBSV,Outono,18-24,310,240,25,45,77.4
SBSV,Outono,TODOS,631,453,57,121,71.8
SBSV,Inverno,00-06,30,24,2,4,80.0
SBSV,Inverno,06-12,154,98,35,21,63.6
SBSV,Inverno,12-18,293,197,37,59,67.2
SBSV,Inverno,18-24,353,269,24,60,76.2
SBSV,Inverno,TODOS,830,588,98,144,70.8
SBSV,Primavera,00-06,20,19,1,0,95.0
SBSV,Primavera,06-12,90,68,12,10,75.6
SBSV,Primavera,12-18,223,190,16,17,85.2
SBSV,Primavera,18-24,315,290,10,15,92.1
SBSV,Primavera,TODOS,648,567,39,42,87.5
SBSV,TODAS,00-06,124,114,4,6,91.9
SBSV,TODAS,06-12,433,293,69,71,67.7
SBSV,TODAS,12-18,917,674,80,163,73.5
SBSV,TODAS,18-24,1293,1076,82,135,83.2
SBSV,TODAS,TODOS,2767,2157,235,375,78.0
SBTB,Verao,00-06,0,0,0,0,
SBTB,Verao,06-12,0,0,0,0,
SBTB,Verao,12-18,0,0,0,0,
SBTB,Verao,18-24,0,0,0,0,
SBTB,Verao,TODOS,0,0,0,0,
SBTB,Outono,00-06,0,0,0,0,
SBTB,Outono,06-12,0,0,0,0,
SBTB,Outono,12-18,0,0,0,0,
SBTB,Outono,18-24,0,0,0,0,
SBTB,Outono,TODOS,0,0,0,0,
SBTB,Inverno,00-06,0,0,0,0,
SBTB,Inverno,06-12,0,0,0,0,
SBTB,Inverno,12-18,0,0,0,0,
SBTB,Inverno,18-24,0,0,0,0,
SBTB,Inverno,TODOS,0,0,0,0,
SBTB,Primavera,00-06,0,0,0,0,
SBTB,Primavera,06-12,0,0,0,0,
SBTB,Primavera,12-18,0,0,0,0,
SBTB,Primavera,18-24,0,0,0,0,
SBTB,Primavera,TODOS,0,0,0,0,
SBTB,TODAS,00-06,0,0,0,0,
SBTB,TODAS,06-12,0,0,0,0,
SBTB,TODAS,12-18,0,0,0,0,
SBTB,TODAS,18-24,0,0,0,0,
SBTB,TODAS,TODOS,0,0,0,0,
SBTC,Verao,00-06,0,0,0,0,
SBTC,Verao,06-12,0,0,0,0,
SBTC,Verao,12-18,0,0,0,0,
SBTC,Verao,18-24,0,0,0,0,
SBTC,Verao,TODOS,0,0,0,0,
SBTC,Outono,00-06,0,0,0,0,
SBTC,Outono,06-12,0,0,0,0,
SBTC,Outono,12-18,0,0,0,0,
SBTC,Outono,18-24,0,0,0,0,
SBTC,Outono,TODOS,0,0,0,0,
SBTC,Inverno,00-06,0,0,0,0,
SBTC,Inverno,06-12,0,0,0,0,
SBTC,Inverno,12-18,0,0,0,0,
SBTC,Inverno,18-24,0,0,0,0,
SBTC,Inverno,TODOS,0,0,0,0,
SBTC,Primavera,00-06,0,0,0,0,
SBTC,Primavera,06-12,0,0,0,0,
SBTC,Primavera,12-18,0,0,0,0,
SBTC,Primavera,18-24,0,0,0,0,
SBTC,Primavera,TODOS,0,0,0,0,
SBTC,TODAS,00-06,0,0,0,0,
SBTC,TODAS,06-12,0,0,0,0,
SBTC,TODAS,12-18,0,0,0,0,
SBTC,TODAS,18-24,0,0,0,0,
SBTC,TODAS,TODOS,0,0,0,0,
SBTD,Verao,00-06,0,0,0,0,
SBTD,Verao,06-12,0,0,0,0,
SBTD,Verao,12-18,0,0,0,0,
SBTD,Verao,18-24,0,0,0,0,
SBTD,Verao,TODOS,0,0,0,0,
SBTD,Outono,00-06,0,0,0,0,
SBTD,Outono,06-12,0,0,0,0,
SBTD,Outono,12-18,0,0,0,0,
SBTD,Outono,18-24,0,0,0,0,
SBTD,Outono,TODOS,0,0,0,0,
SBTD,Inverno,00-06,0,0,0,0,
SBTD,Inverno,06-12,0,0,0,0,
SBTD,Inverno,12-18,0,0,0,0,
SBTD,Inverno,18-24,0,0,0,0,
SBTD,Inverno,TODOS,0,0,0,0,
SBTD,Primavera,00-06,0,0,0,0,
SBTD,Primavera,06-12,0,0,0,0,
SBTD,Primavera,12-18,0,0,0,0,
SBTD,Primavera,18-24,0,0,0,0,
SBTD,Primavera,TODOS,0,0,0,0,
SBTD,TODAS,00-06,0,0,0,0,
SBTD,TODAS,06-12,0,0,0,0,
SBTD,TODAS,12-18,0,0,0,0,
SBTD,TODAS,18-24,0,0,0,0,
SBTD,TODAS,TODOS,0,0,0,0,
SBTG,Verao,00-06,0,0,0,0,
SBTG,Verao,06-12,0,0,0,0,
SBTG,Verao,12-18,0,0,0,0,
SBTG,Verao,18-24,0,0,0,0,
SBTG,Verao,TODOS,0,0,0,0,
SBTG,Outono,00-06,0,0,0,0,
SBTG,Outono,06-12,0,0,0,0,
SBTG,Outono,12-18,0,0,0,0,
SBTG,Outono,18-24,0,0,0,0,
SBTG,Outono,TODOS,0,0,0,0,
SBTG,Inverno,00-06,0,0,0,0,
SBTG,Inverno,06-12,0,0,0,0,
SBTG,Inverno,12-18,0,0,0,0,
SBTG,Inverno,18-24,0,0,0,0,
SBTG,Inverno,TODOS,0,0,0,0,
SBTG,Primavera,00-06,0,0,0,0,
SBTG,Primavera,06-12,0,0,0,0,
SBTG,Primavera,12-18,0,0,0,0,
SBTG,Primavera,18-24,0,0,0,0,
SBTG,Primavera,TODOS,0,0,0,0,
SBTG,TODAS,00-06,0,0,0,0,
SBTG,TODAS,06-12,0,0,0,0,
SBTG,TODAS,12-18,0,0,0,0,
SBTG,TODAS,18-24,0,0,0,0,
SBTG,TODAS,TODOS,0,0,0,0,
SBTT,Verao,00-06,0,0,0,0,
SBTT,Verao,06-12,0,0,0,0,
SBTT,Verao,12-18,0,0,0,0,
SBTT,Verao,18-24,0,0,0,0,
SBTT,Verao,TODOS,0,0,0,0,
SBTT,Outono,00-06,0,0,0,0,
SBTT,Outono,06-12,0,0,0,0,
SBTT,Outono,12-18,0,0,0,0,
SBTT,Outono,18-24,0,0,0,0,
SBTT,Outono,TODOS,0,0,0,0,
SBTT,Inverno,00-06,0,0,0,0,
SBTT,Inverno,06-12,0,0,0,0,
SBTT,Inverno,12-18,0,0,0,0,
SBTT,Inverno,18-24,0,0,0,0,
SBTT,Inverno,TODOS,0,0,0,0,
SBTT,Primavera,00-06,0,0,0,0,
SBTT,Primavera,06-12,0,0,0,0,
SBTT,Primavera,12-18,0,0,0,0,
SBTT,Primavera,18-24,0,0,0,0,
SBTT,Primavera,TODOS,0,0,0,0,
SBTT,TODAS,00-06,0,0,0,0,
SBTT,TODAS,06-12,0,0,0,0,
SBTT,TODAS,12-18,0,0,0,0,
SBTT,TODAS,18-24,0,0,0,0,
SBTT,TODAS,TODOS,0,0,0,0,
SBTU,Verao,00-06,0,0,0,0,
SBTU,Verao,06-12,0,0,0,0,
SBTU,Verao,12-18,0,0,0,0,
SBTU,Verao,18-24,0,0,0,0,
SBTU,Verao,TODOS,0,0,0,0,
SBTU,Outono,00-06,0,0,0,0,
SBTU,Outono,06-12,0,0,0,0,
SBTU,Outono,12-18,0,0,0,0,
SBTU,Outono,18-24,0,0,0,0,
SBTU,Outono,TODOS,0,0,0,0,
SBTU,Inverno,00-06,0,0,0,0,
SBTU,Inverno,06-12,0,0,0,0,
SBTU,Inverno,12-18,0,0,0,0,
SBTU,Inverno,18-24,0,0,0,0,
SBTU,Inverno,TODOS,0,0,0,0,
SBTU,Primavera,00-06,0,0,0,0,
SBTU,Primavera,06-12,0,0,0,0,
SBTU,Primavera,12-18,0,0,0,0,
SBTU,Primavera,18-24,0,0,0,0,
SBTU,Primavera,TODOS,0,0,0,0,
SBTU,TODAS,00-06,0,0,0,0,
SBTU,TODAS,06-12,0,0,0,0,
SBTU,TODAS,12-18,0,0,0,0,
SBTU,TODAS,18-24,0,0,0,0,
SBTU,TODAS,TODOS,0,0,0,0,
SBUA,Verao,00-06,0,0,0,0,
SBUA,Verao,06-12,0,0,0,0,
SBUA,Verao,12-18,0,0,0,0,
SBUA,Verao,18-24,0,0,0,0,
SBUA,Verao,TODOS,0,0,0,0,
SBUA,Outono,00-06,0,0,0,0,
SBUA,Outono,06-12,0,0,0,0,
SBUA,Outono,12-18,0,0,0,0,
SBUA,Outono,18-24,0,0,0,0,
SBUA,Outono,TODOS,0,0,0,0,
SBUA,Inverno,00-06,0,0,0,0,
SBUA,Inverno,06-12,0,0,0,0,
SBUA,Inverno,12-18,0,0,0,0,
SBUA,Inverno,18-24,0,0,0,0,
SBUA,Inverno,TODOS,0,0,0,0,
SBUA,Primavera,00-06,0,0,0,0,
SBUA,Primavera,06-12,0,0,0,0,
SBUA,Primavera,12-18,0,0,0,0,
SBUA,Primavera,18-24,0,0,0,0,
SBUA,Primavera,TODOS,0,0,0,0,
SBUA,TODAS,00-06,0,0,0,0,
SBUA,TODAS,06-12,0,0,0,0,
SBUA,TODAS,12-18,0,0,0,0,
SBUA,TODAS,18-24,0,0,0,0,
SBUA,TODAS,TODOS,0,0,0,0,
SBUG,Verao,00-06,0,0,0,0,
SBUG,Verao,06-12,0,0,0,0,
SBUG,Verao,12-18,0,0,0,0,
SBUG,Verao,18-24,0,0,0,0,
SBUG,Verao,TODOS,0,0,0,0,
SBUG,Outono,00-06,0,0,0,0,
SBUG,Outono,06-12,0,0,0,0,
SBUG,Outono,12-18,0,0,0,0,
SBUG,Outono,18-24,0,0,0,0,
SBUG,Outono,TODOS,0,0,0,0,
SBUG,Inverno,00-06,0,0,0,0,
SBUG,Inverno,06-12,0,0,0,0,
SBUG,Inverno,12-18,0,0,0,0,
SBUG,Inverno,18-24,0,0,0,0,
SBUG,Inverno,TODOS,0,0,0,0,
SBUG,Primavera,00-06,0,0,0,0,
SBUG,Primavera,06-12,0,0,0,0,
SBUG,Primavera,12-18,0,0,0,0,
SBUG,Primavera,18-24,0,0,0,0,
SBUG,Primavera,TODOS,0,0,0,0,
SBUG,TODAS,00-06,0,0,0,0,
SBUG,TODAS,06-12,0,0,0,0,
SBUG,TODAS,12-18,0,0,0,0,
SBUG,TODAS,18-24,0,0,0,0,
SBUG,TODAS,TODOS,0,0,0,0,
SBVG,Verao,00-06,0,0,0,0,
SBVG,Verao,06-12,0,0,0,0,
SBVG,Verao,12-18,0,0,0,0,
SBVG,Verao,18-24,0,0,0,0,
SBVG,Verao,TODOS,0,0,0,0,
SBVG,Outono,00-06,0,0,0,0,
SBVG,Outono,06-12,0,0,0,0,
SBVG,Outono,12-18,0,0,0,0,
SBVG,Outono,18-24,0,0,0,0,
SBVG,Outono,TODOS,0,0,0,0,
SBVG,Inverno,00-06,0,0,0,0,
SBVG,Inverno,06-12,0,0,0,0,
SBVG,Inverno,12-18,0,0,0,0,
SBVG,Inverno,18-24,0,0,0,0,
SBVG,Inverno,TODOS,0,0,0,0,
SBVG,Primavera,00-06,0,0,0,0,
SBVG,Primavera,06-12,0,0,0,0,
SBVG,Primavera,12-18,0,0,0,0,
SBVG,Primavera,18-24,0,0,0,0,
SBVG,Primavera,TODOS,0,0,0,0,
SBVG,TODAS,00-06,0,0,0,0,
SBVG,TODAS,06-12,0,0,0,0,
SBVG,TODAS,12-18,0,0,0,0,
SBVG,TODAS,18-24,0,0,0,0,
SBVG,TODAS,TODOS,0,0,0,0,
SBVH,Verao,00-06,0,0,0,0,
SBVH,Verao,06-12,0,0,0,0,
SBVH,Verao,12-18,0,0,0,0,
SBVH,Verao,18-24,0,0,0,0,
SBVH,Verao,TODOS,0,0,0,0,
SBVH,Outono,00-06,0,0,0,0,
SBVH,Outono,06-12,0,0,0,0,
SBVH,Outono,12-18,0,0,0,0,
SBVH,Outono,18-24,0,0,0,0,
SBVH,Outono,TODOS,0,0,0,0,
SBVH,Inverno,00-06,0,0,0,0,
SBVH,Inverno,06-12,0,0,0,0,
SBVH,Inverno,12-18,0,0,0,0,
SBVH,Inverno,18-24,0,0,0,0,
SBVH,Inverno,TODOS,0,0,0,0,
SBVH,Primavera,00-06,0,0,0,0,
SBVH,Primavera,06-12,0,0,0,0,
SBVH,Primavera,12-18,0,0,0,0,
SBVH,Primavera,18-24,0,0,0,0,
SBVH,Primavera,TODOS,0,0,0,0,
SBVH,TODAS,00-06,0,0,0,0,
SBVH,TODAS,06-12,0,0,0,0,
SBVH,TODAS,12-18,0,0,0,0,
SBVH,TODAS,18-24,0,0,0,0,
SBVH,TODAS,TODOS,0,0,0,0,
SBZM,Verao,00-06,1,1,0,0,100.0
SBZM,Verao,06-12,0,0,0,0,
SBZM,Verao,12-18,1,1,0,0,100.0
SBZM,Verao,18-24,0,0,0,0,
SBZM,Verao,TODOS,2,2,0,0,100.0
SBZM,Outono,00-06,0,0,0,0,
SBZM,Outono,06-12,0,0,0,0,
SBZM,Outono,12-18,1,1,0,0,100.0
SBZM,Outono,18-24,0,0,0,0,
SBZM,Outono,TODOS,1,1,0,0,100.0
SBZM,Inverno,00-06,1,1,0,0,100.0
SBZM,Inverno,06-12,0,0,0,0,
SBZM,Inverno,12-18,1,0,0,1,0.0
SBZM,Inverno,18-24,3,2,1,0,66.7
SBZM,Inverno,TODOS,5,3,1,1,60.0
SBZM,Primavera,00-06,1,0,0,1,0.0
SBZM,Primavera,06-12,1,1,0,0,100.0
SBZM,Primavera,12-18,2,2,0,0,100.0
SBZM,Primavera,18-24,2,1,0,1,50.0
SBZM,Primavera,TODOS,6,4,0,2,66.7
SBZM,TODAS,00-06,3,2,0,1,66.7
SBZM,TODAS,06-12,1,1,0,0,100.0
SBZM,TODAS,12-18,5,4,0,1,80.0
SBZM,TODAS,18-24,5,3,1,1,60.0
SBZM,TODAS,TODOS,14,10,1,3,71.4
SDIY,Verao,00-06,0,0,0,0,
SDIY,Verao,06-12,0,0,0,0,
SDIY,Verao,12-18,0,0,0,0,
SDIY,Verao,18-24,0,0,0,0,
SDIY,Verao,TODOS,0,0,0,0,
SDIY,Outono,00-06,0,0,0,0,
SDIY,Outono,06-12,0,0,0,0,
SDIY,Outono,12-18,0,0,0,0,
SDIY,Outono,18-24,0,0,0,0,
SDIY,Outono,TODOS,0,0,0,0,
SDIY,Inverno,00-06,0,0,0,0,
SDIY,Inverno,06-12,0,0,0,0,
SDIY,Inverno,12-18,0,0,0,0,
SDIY,Inverno,18-24,0,0,0,0,
SDIY,Inverno,TODOS,0,0,0,0,
SDIY,Primavera,00-06,0,0,0,0,
SDIY,Primavera,06-12,0,0,0,0,
SDIY,Primavera,12-18,0,0,0,0,
SDIY,Primavera,18-24,0,0,0,0,
SDIY,Primavera,TODOS,0,0,0,0,
SDIY,TODAS,00-06,0,0,0,0,
SDIY,TODAS,06-12,0,0,0,0,
SDIY,TODAS,12-18,0,0,0,0,
SDIY,TODAS,18-24,0,0,0,0,
SDIY,TODAS,TODOS,0,0,0,0,
SNBR,Verao,00-06,0,0,0,0,
SNBR,Verao,06-12,0,0,0,0,
SNBR,Verao,12-18,0,0,0,0,
SNBR,Verao,18-24,0,0,0,0,
SNBR,Verao,TODOS,0,0,0,0,
SNBR,Outono,00-06,0,0,0,0,
SNBR,Outono,06-12,0,0,0,0,
SNBR,Outono,12-18,0,0,0,0,
SNBR,Outono,18-24,0,0,0,0,
SNBR,Outono,TODOS,0,0,0,0,
SNBR,Inverno,00-06,0,0,0,0,
SNBR,Inverno,06-12,0,0,0,0,
SNBR,Inverno,12-18,0,0,0,0,
SNBR,Inverno,18-24,0,0,0,0,
SNBR,Inverno,TODOS,0,0,0,0,
SNBR,Primavera,00-06,0,0,0,0,
SNBR,Primavera,06-12,0,0,0,0,
SNBR,Primavera,12-18,0,0,0,0,
SNBR,Primavera,18-24,0,0,0,0,
SNBR,Primavera,TODOS,0,0,0,0,
SNBR,TODAS,00-06,0,0,0,0,
SNBR,TODAS,06-12,0,0,0,0,
SNBR,TODAS,12-18,0,0,0,0,
SNBR,TODAS,18-24,0,0,0,0,
SNBR,TODAS,TODOS,0,0,0,0,
SNCP,Verao,00-06,0,0,0,0,
SNCP,Verao,06-12,0,0,0,0,
SNCP,Verao,12-18,0,0,0,0,
SNCP,Verao,18-24,0,0,0,0,
SNCP,Verao,TODOS,0,0,0,0,
SNCP,Outono,00-06,0,0,0,0,
SNCP,Outono,06-12,0,0,0,0,
SNCP,Outono,12-18,0,0,0,0,
SNCP,Outono,18-24,0,0,0,0,
SNCP,Outono,TODOS,0,0,0,0,
SNCP,Inverno,00-06,0,0,0,0,
SNCP,Inverno,06-12,0,0,0,0,
SNCP,Inverno,12-18,0,0,0,0,
SNCP,Inverno,18-24,0,0,0,0,
SNCP,Inverno,TODOS,0,0,0,0,
SNCP,Primavera,00-06,0,0,0,0,
SNCP,Primavera,06-12,0,0,0,0,
SNCP,Primavera,12-18,0,0,0,0,
SNCP,Primavera,18-24,0,0,0,0,
SNCP,Primavera,TODOS,0,0,0,0,
SNCP,TODAS,00-06,0,0,0,0,
SNCP,TODAS,06-12,0,0,0,0,
SNCP,TODAS,12-18,0,0,0,0,
SNCP,TODAS,18-24,0,0,0,0,
SNCP,TODAS,TODOS,0,0,0,0,
SNGI,Verao,00-06,0,0,0,0,
SNGI,Verao,06-12,0,0,0,0,
SNGI,Verao,12-18,0,0,0,0,
SNGI,Verao,18-24,0,0,0,0,
SNGI,Verao,TODOS,0,0,0,0,
SNGI,Outono,00-06,0,0,0,0,
SNGI,Outono,06-12,0,0,0,0,
SNGI,Outono,12-18,0,0,0,0,
SNGI,Outono,18-24,0,0,0,0,
SNGI,Outono,TODOS,0,0,0,0,
SNGI,Inverno,00-06,0,0,0,0,
SNGI,Inverno,06-12,0,0,0,0,
SNGI,Inverno,12-18,0,0,0,0,
SNGI,Inverno,18-24,0,0,0,0,
SNGI,Inverno,TODOS,0,0,0,0,
SNGI,Primavera,00-06,0,0,0,0,
SNGI,Primavera,06-12,0,0,0,0,
SNGI,Primavera,12-18,0,0,0,0,
SNGI,Primavera,18-24,0,0,0,0,
SNGI,Primavera,TODOS,0,0,0,0,
SNGI,TODAS,00-06,0,0,0,0,
SNGI,TODAS,06-12,0,0,0,0,
SNGI,TODAS,12-18,0,0,0,0,
SNGI,TODAS,18-24,0,0,0,0,
SNGI,TODAS,TODOS,0,0,0,0,
SNPD,Verao,00-06,0,0,0,0,
SNPD,Verao,06-12,0,0,0,0,
SNPD,Verao,12-18,0,0,0,0,
SNPD,Verao,18-24,0,0,0,0,
SNPD,Verao,TODOS,0,0,0,0,
SNPD,Outono,00-06,0,0,0,0,
SNPD,Outono,06-12,0,0,0,0,
SNPD,Outono,12-18,0,0,0,0,
SNPD,Outono,18-24,0,0,0,0,
SNPD,Outono,TODOS,0,0,0,0,
SNPD,Inverno,00-06,0,0,0,0,
SNPD,Inverno,06-12,0,0,0,0,
SNPD,Inverno,12-18,0,0,0,0,
SNPD,Inverno,18-24,0,0,0,0,
SNPD,Inverno,TODOS,0,0,0,0,
SNPD,Primavera,00-06,0,0,0,0,
SNPD,Primavera,06-12,0,0,0,0,
SNPD,Primavera,12-18,0,0,0,0,
SNPD,Primavera,18-24,0,0,0,0,
SNPD,Primavera,TODOS,0,0,0,0,
SNPD,TODAS,00-06,0,0,0,0,
SNPD,TODAS,06-12,0,0,0,0,
SNPD,TODAS,12-18,0,0,0,0,
SNPD,TODAS,18-24,0,0,0,0,
SNPD,TODAS,TODOS,0,0,0,0,
SNRU,Verao,00-06,0,0,0,0,
SNRU,Verao,06-12,0,0,0,0,
SNRU,Verao,12-18,0,0,0,0,
SNRU,Verao,18-24,0,0,0,0,
SNRU,Verao,TODOS,0,0,0,0,
SNRU,Outono,00-06,0,0,0,0,
SNRU,Outono,06-12,0,0,0,0,
SNRU,Outono,12-18,0,0,0,0,
SNRU,Outono,18-24,0,0,0,0,
SNRU,Outono,TODOS,0,0,0,0,
SNRU,Inverno,00-06,0,0,0,0,
SNRU,Inverno,06-12,0,0,0,0,
SNRU,Inverno,12-18,0,0,0,0,
SNRU,Inverno,18-24,0,0,0,0,
SNRU,Inverno,TODOS,0,0,0,0,
SNRU,Primavera,00-06,0,0,0,0,
SNRU,Primavera,06-12,0,0,0,0,
SNRU,Primavera,12-18,0,0,0,0,
SNRU,Primavera,18-24,0,0,0,0,
SNRU,Primavera,TODOS,0,0,0,0,
SNRU,TODAS,00-06,0,0,0,0,
SNRU,TODAS,06-12,0,0,0,0,
SNRU,TODAS,12-18,0,0,0,0,
SNRU,TODAS,18-24,0,0,0,0,
SNRU,TODAS,TODOS,0,0,0,0,
SNTF,Verao,00-06,0,0,0,0,
SNTF,Verao,06-12,0,0,0,0,
SNTF,Verao,12-18,0,0,0,0,
SNTF,Verao,18-24,0,0,0,0,
SNTF,Verao,TODOS,0,0,0,0,
SNTF,Outono,00-06,0,0,0,0,
SNTF,Outono,06-12,0,0,0,0,
SNTF,Outono,12-18,0,0,0,0,
SNTF,Outono,18-24,0,0,0,0,
SNTF,Outono,TODOS,0,0,0,0,
SNTF,Inverno,00-06,0,0,0,0,
SNTF,Inverno,06-12,0,0,0,0,
SNTF,Inverno,12-18,0,0,0,0,
SNTF,Inverno,18-24,0,0,0,0,
SNTF,Inverno,TODOS,0,0,0,0,
SNTF,Primavera,00-06,0,0,0,0,
SNTF,Primavera,06-12,0,0,0,0,
SNTF,Primavera,12-18,0,0,0,0,
SNTF,Primavera,18-24,0,0,0,0,
SNTF,Primavera,TODOS,0,0,0,0,
SNTF,TODAS,00-06,0,0,0,0,
SNTF,TODAS,06-12,0,0,0,0,
SNTF,TODAS,12-18,0,0,0,0,
SNTF,TODAS,18-24,0,0,0,0,
SNTF,TODAS,TODOS,0,0,0,0,
SSKW,Verao,00-06,0,0,0,0,
SSKW,Verao,06-12,0,0,0,0,
SSKW,Verao,12-18,0,0,0,0,
SSKW,Verao,18-24,84,56,9,19,66.7
SSKW,Verao,TODOS,84,56,9,19,66.7
SSKW,Outono,00-06,0,0,0,0,
SSKW,Outono,06-12,0,0,0,0,
SSKW,Outono,12-18,62,55,2,5,88.7
SSKW,Outono,18-24,123,106,6,11,86.2
SSKW,Outono,TODOS,185,161,8,16,87.0
SSKW,Inverno,00-06,0,0,0,0,
SSKW,Inverno,06-12,0,0,0,0,
SSKW,Inverno,12-18,37,35,1,1,94.6
SSKW,Inverno,18-24,101,90,4,7,89.1
SSKW,Inverno,TODOS,138,125,5,8,90.6
SSKW,Primavera,00-06,0,0,0,0,
SSKW,Primavera,06-12,0,0,0,0,
SSKW,Primavera,12-18,0,0,0,0,
SSKW,Primavera,18-24,86,56,13,17,65.1
SSKW,Primavera,TODOS,86,56,13,17,65.1
SSKW,TODAS,00-06,0,0,0,0,
SSKW,TODAS,06-12,0,0,0,0,
SSKW,TODAS,12-18,99,90,3,6,90.9
SSKW,TODAS,18-24,394,308,32,54,78.2
SSKW,TODAS,TODOS,493,398,35,60,80.7
SWEI,Verao,00-06,0,0,0,0,
SWEI,Verao,06-12,0,0,0,0,
SWEI,Verao,12-18,0,0,0,0,
SWEI,Verao,18-24,0,0,0,0,
SWEI,Verao,TODOS,0,0,0,0,
SWEI,Outono,00-06,0,0,0,0,
SWEI,Outono,06-12,0,0,0,0,
SWEI,Outono,12-18,0,0,0,0,
SWEI,Outono,18-24,0,0,0,0,
SWEI,Outono,TODOS,0,0,0,0,
SWEI,Inverno,00-06,0,0,0,0,
SWEI,Inverno,06-12,0,0,0,0,
SWEI,Inverno,12-18,0,0,0,0,
SWEI,Inverno,18-24,0,0,0,0,
SWEI,Inverno,TODOS,0,0,0,0,
SWEI,Primavera,00-06,0,0,0,0,
SWEI,Primavera,06-12,0,0,0,0,
SWEI,Primavera,12-18,0,0,0,0,
SWEI,Primavera,18-24,0,0,0,0,
SWEI,Primavera,TODOS,0,0,0,0,
SWEI,TODAS,00-06,0,0,0,0,
SWEI,TODAS,06-12,0,0,0,0,
SWEI,TODAS,12-18,0,0,0,0,
SWEI,TODAS,18-24,0,0,0,0,
SWEI,TODAS,TODOS,0,0,0,0,
SWKQ,Verao,00-06,0,0,0,0,
SWKQ,Verao,06-12,0,0,0,0,
SWKQ,Verao,12-18,0,0,0,0,
SWKQ,Verao,18-24,0,0,0,0,
SWKQ,Verao,TODOS,0,0,0,0,
SWKQ,Outono,00-06,0,0,0,0,
SWKQ,Outono,06-12,0,0,0,0,
SWKQ,Outono,12-18,0,0,0,0,
SWKQ,Outono,18-24,0,0,0,0,
SWKQ,Outono,TODOS,0,0,0,0,
SWKQ,Inverno,00-06,0,0,0,0,
SWKQ,Inverno,06-12,0,0,0,0,
SWKQ,Inverno,12-18,0,0,0,0,
SWKQ,Inverno,18-24,0,0,0,0,
SWKQ,Inverno,TODOS,0,0,0,0,
SWKQ,Primavera,00-06,0,0,0,0,
SWKQ,Primavera,06-12,0,0,0,0,
SWKQ,Primavera,12-18,0,0,0,0,
SWKQ,Primavera,18-24,0,0,0,0,
SWKQ,Primavera,TODOS,0,0,0,0,
SWKQ,TODAS,00-06,0,0,0,0,
SWKQ,TODAS,06-12,0,0,0,0,
SWKQ,TODAS,12-18,0,0,0,0,
SWKQ,TODAS,18-24,0,0,0,0,
SWKQ,TODAS,TODOS,0,0,0,0,
SWLC,Verao,00-06,0,0,0,0,
SWLC,Verao,06-12,0,0,0,0,
SWLC,Verao,12-18,0,0,0,0,
SWLC,Verao,18-24,0,0,0,0,
SWLC,Verao,TODOS,0,0,0,0,
SWLC,Outono,00-06,0,0,0,0,
SWLC,Outono,06-12,0,0,0,0,
SWLC,Outono,12-18,0,0,0,0,
SWLC,Outono,18-24,0,0,0,0,
SWLC,Outono,TODOS,0,0,0,0,
SWLC,Inverno,00-06,0,0,0,0,
SWLC,Inverno,06-12,0,0,0,0,
SWLC,Inverno,12-18,0,0,0,0,
SWLC,Inverno,18-24,0,0,0,0,
SWLC,Inverno,TODOS,0,0,0,0,
SWLC,Primavera,00-06,0,0,0,0,
SWLC,Primavera,06-12,0,0,0,0,
SWLC,Primavera,12-18,0,0,0,0,
SWLC,Primavera,18-24,0,0,0,0,
SWLC,Primavera,TODOS,0,0,0,0,
SWLC,TODAS,00-06,0,0,0,0,
SWLC,TODAS,06-12,0,0,0,0,
SWLC,TODAS,12-18,0,0,0,0,
SWLC,TODAS,18-24,0,0,0,0,
SWLC,TODAS,TODOS,0,0,0,0,
SWPI,Verao,00-06,0,0,0,0,
SWPI,Verao,06-12,0,0,0,0,
SWPI,Verao,12-18,0,0,0,0,
SWPI,Verao,18-24,0,0,0,0,
SWPI,Verao,TODOS,0,0,0,0,
SWPI,Outono,00-06,0,0,0,0,
SWPI,Outono,06-12,0,0,0,0,
SWPI,Outono,12-18,0,0,0,0,
SWPI,Outono,18-24,0,0,0,0,
SWPI,Outono,TODOS,0,0,0,0,
SWPI,Inverno,00-06,0,0,0,0,
SWPI,Inverno,06-12,0,0,0,0,
SWPI,Inverno,12-18,0,0,0,0,
SWPI,Inverno,18-24,0,0,0,0,
SWPI,Inverno,TODOS,0,0,0,0,
SWPI,Primavera,00-06,0,0,0,0,
SWPI,Primavera,06-12,0,0,0,0,
SWPI,Primavera,12-18,0,0,0,0,
SWPI,Primavera,18-24,0,0,0,0,
SWPI,Primavera,TODOS,0,0,0,0,
SWPI,TODAS,00-06,0,0,0,0,
SWPI,TODAS,06-12,0,0,0,0,
SWPI,TODAS,12-18,0,0,0,0,
SWPI,TODAS,18-24,0,0,0,0,
SWPI,TODAS,TODOS,0,0,0,0,
TODOS,Verao,00-06,5920,4450,704,766,75.2
TODOS,Verao,06-12,5103,3989,694,420,78.2
TODOS,Verao,12-18,10544,8988,639,917,85.2
TODOS,Verao,18-24,10502,7592,1671,1239,72.3
TODOS,Verao,TODOS,32069,25019,3708,3342,78.0
TODOS,Outono,00-06,6265,5197,635,433,83.0
TODOS,Outono,06-12,5090,3187,1251,652,62.6
TODOS,Outono,12-18,11237,9768,575,894,86.9
TODOS,Outono,18-24,11092,9205,1182,705,83.0
TODOS,Outono,TODOS,33684,27357,3643,2684,81.2
TODOS,Inverno,00-06,6329,5337,723,269,84.3
TODOS,Inverno,06-12,5454,3991,1106,357,73.2
TODOS,Inverno,12-18,11468,10368,537,563,90.4
TODOS,Inverno,18-24,11743,10350,856,537,88.1
TODOS,Inverno,TODOS,34994,30046,3222,1726,85.9
TODOS,Primavera,00-06,6185,4955,578,652,80.1
TODOS,Primavera,06-12,5431,4059,939,433,74.7
TODOS,Primavera,12-18,10919,9515,731,673,87.1
TODOS,Primavera,18-24,10784,8542,1406,836,79.2
TODOS,Primavera,TODOS,33319,27071,3654,2594,81.2
TODOS,TODAS,00-06,24699,19939,2640,2120,80.7
TODOS,TODAS,06-12,21078,15226,3990,1862,72.2
TODOS,TODAS,12-18,44168,38639,2482,3047,87.5
TODOS,TODAS,18-24,44121,35689,5115,3317,80.9
TODOS,TODAS,TODOS,134066,109493,14227,10346,81.7
